view_id,candidate_id,viewer_id,company_id,viewed_at,source
6d6a78cd-5a00-4122-a259-c7cde8400718,d84c9432-37c6-487d-bb86-26c28019af71,8675a86a-a9e5-4d4c-b833-6e7d57502ca0,a34bd310-b3b9-45cf-aa4b-87950b511085,2025-06-02 17:28:41,direct
3efeeb8e-7846-4958-825a-5a31aca2789d,c55bf5a4-c8ee-49e2-8083-32b06430027a,8675a86a-a9e5-4d4c-b833-6e7d57502ca0,58357c95-8874-4183-b951-faf8c5e2089b,2025-11-09 03:40:45,direct
23a8f054-6fb1-4f3f-915c-e592cc72ba9e,7b2c402b-31a4-4520-9c27-ec7ad4b0d7a9,5d690391-d816-43be-a80c-fdb2d11cb7cb,58357c95-8874-4183-b951-faf8c5e2089b,2025-09-07 12:34:28,direct
72bdf684-6085-4586-9daa-ddf20e3c18b3,4dff8b74-8f48-4ee5-a0d5-d025de6581df,9cc3d003-1517-4681-85a7-7278f5edf773,abb40bf1-e421-485e-93f9-bcbcfcd3202c,2025-10-29 15:12:28,direct
05573b0c-902a-49b1-a900-3dae0478f33d,470b8676-7bf6-4107-856d-3f6d6c0bdcf3,614c2c73-106f-494d-9def-f117e5b7263e,,2025-09-17 19:04:47,direct
b95af013-6ed2-4199-8945-43dcddf798bd,90a9d186-482c-49a6-b239-b4f579eea7a3,7baddfc6-73f2-46fc-af71-1d953aad7001,8b445472-ac60-4ed3-9617-bd007b884ef8,2025-10-02 05:10:22,direct
195c97d0-bd03-4730-a5fc-67bfa55cd443,9b93a8d5-8ff4-4b43-9181-12e40f69608d,ad4325bd-df4d-4d5e-a657-cd0eca0e12ce,aab08191-b495-481e-9b43-c5ab24f70149,2026-03-18 04:28:41,instamatch
1a82956e-659b-4272-a2d6-bf133ce39432,ae78ff3d-f828-4ce3-aa58-7efc285cc5e7,44d53017-34d5-4e39-9376-5cc020829d18,,2026-03-17 21:40:17,instamatch
3f583178-094d-4e6d-86b7-f833f321ba68,b72a2958-4393-48e6-8797-ccd937d69d1e,ad4325bd-df4d-4d5e-a657-cd0eca0e12ce,0ee6ddaa-2284-46a9-a86d-4bf900c12b3b,2025-07-04 21:58:45,direct
1c34a16e-0ca7-4339-bc25-dd064b30d3f0,7b2c402b-31a4-4520-9c27-ec7ad4b0d7a9,082e636b-d900-4a79-af0b-059a0513e322,043c62f9-e3ae-45a0-91cf-9b939a0cfdea,2025-07-07 00:03:19,cv_search
c3fdb48d-469e-499d-896f-59d352de6806,1f95ee40-8255-40d3-aa20-abd311effafb,44d53017-34d5-4e39-9376-5cc020829d18,043c62f9-e3ae-45a0-91cf-9b939a0cfdea,2026-01-04 20:51:36,cv_search
3b2080b2-cfc4-4417-a8df-82f6a989870c,44d1d696-aa73-495f-b7c7-6cb925f14d86,614c2c73-106f-494d-9def-f117e5b7263e,1ebdbbce-d9ac-4d3c-aaac-b67756f76918,2026-02-19 14:29:44,cv_search
3d237b47-36c0-4219-946d-26e0221c2994,686202f6-815e-4861-86c7-9223357dd495,ad4325bd-df4d-4d5e-a657-cd0eca0e12ce,7c31d95d-e425-4091-b401-d9f274bc3aa2,2026-01-16 02:29:56,instamatch
666044ad-d326-4d15-8000-5008ced322a0,b071b687-6c6d-4983-b0e0-292fd635db95,ef1f858b-e079-41cc-8b2b-a1726310e0ac,7f71c372-e0ae-4195-a1f8-4672c4f6a010,2025-07-10 19:44:52,direct
d7221e56-156e-4727-8ee7-a1b8220e047b,8e1771ae-a663-4b41-b85a-4fbbaab08c09,7baddfc6-73f2-46fc-af71-1d953aad7001,,2026-02-07 06:05:05,instamatch
f0f9b75e-6732-460e-b944-e566b7c6cf43,8f2529b1-bc32-46af-91a0-7324cd5d38f7,08514437-28c5-4adc-9b2b-1fefb2daa52f,cbf6edb3-e4c2-44ad-9fdc-0ac73bd92b90,2025-06-19 00:42:57,instamatch
0c6ed371-be6d-4faa-873f-d769b5abfca9,30f4deb0-fa2d-446b-9f07-e23145a00df2,aadcfdd3-e6d8-4559-a34f-124dd8b9a00e,,2025-12-31 14:23:23,cv_search
a3662b47-b630-4675-9fff-21ec8a60cdb7,65c670c6-2728-485b-877c-9769a8f95ce9,6878eedf-e671-4b1a-890f-7df9a419bb81,043c62f9-e3ae-45a0-91cf-9b939a0cfdea,2025-12-31 04:02:16,cv_search
40e32fbd-4d97-49c9-81d9-7fc8e949b01f,f1b5e9f8-50fc-4e60-b822-e1730940bf21,44d53017-34d5-4e39-9376-5cc020829d18,abb40bf1-e421-485e-93f9-bcbcfcd3202c,2025-10-05 20:12:44,direct
79fd2501-7c02-4bc7-9d04-fb72cd8cb16d,e76d848f-664e-478a-a6ae-a24c63e70cd7,ad4325bd-df4d-4d5e-a657-cd0eca0e12ce,05f82b79-c56e-4ce8-8b41-470b9d97252f,2026-04-11 05:07:43,cv_search
9d449db3-26e4-4563-a4a1-b6708761548e,7b2c402b-31a4-4520-9c27-ec7ad4b0d7a9,ef1f858b-e079-41cc-8b2b-a1726310e0ac,a1a3654b-d5be-4c74-b6fa-79fe549216ba,2025-09-18 05:22:34,direct
4a54358e-59f2-4954-b592-fe270351bc95,25accb22-0a57-4ad6-b6dd-e759cfc1b551,7d8e598c-4813-40ea-a971-d03c395fd14c,7f42ed9d-b8cd-4395-967d-920a92ab6d3a,2025-06-03 03:26:48,direct
2c54bdb2-0572-4aeb-a12d-841db1d61665,44d1d696-aa73-495f-b7c7-6cb925f14d86,ad4325bd-df4d-4d5e-a657-cd0eca0e12ce,a1a3654b-d5be-4c74-b6fa-79fe549216ba,2026-01-17 06:45:07,direct
a39ba445-98a0-450b-9ba7-59b376b36d89,200962be-acdd-4774-989f-9693038dc1f9,614c2c73-106f-494d-9def-f117e5b7263e,8d04cf8a-76ca-4552-b31c-422fd18d9caa,2025-10-26 05:52:37,cv_search
d2c226b2-5e0f-4d1e-adc9-a87f9ae7f42b,33e2731e-d8db-49e0-a068-e466ae0381fc,ef1f858b-e079-41cc-8b2b-a1726310e0ac,8d75f308-7d54-439e-aa2e-d51c045910d3,2025-08-26 17:12:20,instamatch
43800fc2-740f-4ba8-9258-6d429ccc3f95,8e1771ae-a663-4b41-b85a-4fbbaab08c09,44d53017-34d5-4e39-9376-5cc020829d18,cbf6edb3-e4c2-44ad-9fdc-0ac73bd92b90,2025-06-18 17:50:02,cv_search
d37c0126-353d-42ad-94ee-a35461207a2c,fe2d46cb-e0b1-44bc-b076-29b0b8e7c211,614c2c73-106f-494d-9def-f117e5b7263e,8d75f308-7d54-439e-aa2e-d51c045910d3,2025-07-16 21:32:29,cv_search
f55ccd80-f629-477d-bff9-8c9c5c849aa9,e918ae65-c7bf-4494-a8d4-4c983a923cf4,78eb93d0-dcd1-4c51-80a1-6088fd695d8a,c7fbe351-edcb-47e7-97a2-1ce31ea41cef,2025-05-26 11:13:44,instamatch
abca6e27-3d48-4f30-b831-86b014b47aff,05d82f52-c13d-4578-923e-9c84c141f52a,edc16c09-5781-40d0-8a7c-329a9f451b7c,ba7256ee-5bdf-4568-8d94-573bf1ba058c,2026-01-02 13:11:18,cv_search
ff698ec9-4714-4386-acd2-c704b9b792fc,25accb22-0a57-4ad6-b6dd-e759cfc1b551,,abb40bf1-e421-485e-93f9-bcbcfcd3202c,2026-02-23 05:25:12,instamatch
d1641c5a-74cb-43a9-a2a1-83eb7e2fb5f0,a2e936a7-7186-45c8-8868-f4d826eeb864,082e636b-d900-4a79-af0b-059a0513e322,abb40bf1-e421-485e-93f9-bcbcfcd3202c,2025-09-07 05:05:25,instamatch
dbe9467d-e173-4641-ac48-deb4ca74ef36,793d8c87-5653-483a-95ab-4b8e97f8a35b,edc16c09-5781-40d0-8a7c-329a9f451b7c,,2026-01-08 01:07:01,cv_search
6f88f14b-61ce-41e0-affe-67a775a99587,9b93a8d5-8ff4-4b43-9181-12e40f69608d,78eb93d0-dcd1-4c51-80a1-6088fd695d8a,7f42ed9d-b8cd-4395-967d-920a92ab6d3a,2026-01-07 14:11:58,instamatch
0fa77e31-1adf-41bb-b3e5-6b79433d2fe7,ae78ff3d-f828-4ce3-aa58-7efc285cc5e7,5d690391-d816-43be-a80c-fdb2d11cb7cb,aab08191-b495-481e-9b43-c5ab24f70149,2025-06-17 12:13:28,direct
c3dec4f8-15c2-40f9-9357-0cb544a0d37c,44d1d696-aa73-495f-b7c7-6cb925f14d86,9cc3d003-1517-4681-85a7-7278f5edf773,,2026-05-01 06:34:42,direct
6da4524f-8905-46f6-a596-de07eef20a96,ec9e84b7-4380-475f-abe1-19dc237d8838,ef1f858b-e079-41cc-8b2b-a1726310e0ac,abb40bf1-e421-485e-93f9-bcbcfcd3202c,2025-12-01 07:23:30,direct
8bb19920-6544-4fed-983f-c61082e56eca,dda0e5f5-c4bf-4700-bf25-4b41a1fbd6da,5d690391-d816-43be-a80c-fdb2d11cb7cb,a1a3654b-d5be-4c74-b6fa-79fe549216ba,2026-02-18 02:52:29,cv_search
098b1d1f-5913-47c6-8347-6e30c6eda9cc,d84c9432-37c6-487d-bb86-26c28019af71,7d8e598c-4813-40ea-a971-d03c395fd14c,8d04cf8a-76ca-4552-b31c-422fd18d9caa,2026-05-02 01:12:04,cv_search
0f10075c-5387-44f2-9577-984d12c6d93f,b89513fb-9038-4fef-9413-3ac2c9770159,614c2c73-106f-494d-9def-f117e5b7263e,abb40bf1-e421-485e-93f9-bcbcfcd3202c,2025-11-23 23:22:14,direct
744cb352-cd3d-4923-b5c5-9fe877b25706,ccdfc525-a373-48a0-a44f-89caab65176a,edc16c09-5781-40d0-8a7c-329a9f451b7c,8d75f308-7d54-439e-aa2e-d51c045910d3,2026-02-15 13:01:06,direct
accc8dea-d91e-4ea6-ae81-0d8a7b85dd04,ad0d042d-e3e3-448f-9720-4633ac6e9604,6878eedf-e671-4b1a-890f-7df9a419bb81,a34bd310-b3b9-45cf-aa4b-87950b511085,2025-11-16 23:48:47,cv_search
fc7416ea-dc7a-4f1c-be12-b37a90ddcfd1,200962be-acdd-4774-989f-9693038dc1f9,8675a86a-a9e5-4d4c-b833-6e7d57502ca0,1ebdbbce-d9ac-4d3c-aaac-b67756f76918,2025-05-24 05:24:25,direct
5cc852bd-cf67-4efc-85cb-e7b3fa18a4be,f1b5e9f8-50fc-4e60-b822-e1730940bf21,614c2c73-106f-494d-9def-f117e5b7263e,8b445472-ac60-4ed3-9617-bd007b884ef8,2026-01-12 19:54:08,cv_search
853d5840-0908-48aa-a78f-290363f45500,90a9d186-482c-49a6-b239-b4f579eea7a3,,87eda243-fc4d-42c3-bf23-6a78b168875c,2025-11-27 15:57:15,instamatch
6f65d758-646c-4bb3-8d83-2497ecdbbb69,05d82f52-c13d-4578-923e-9c84c141f52a,78eb93d0-dcd1-4c51-80a1-6088fd695d8a,a1a3654b-d5be-4c74-b6fa-79fe549216ba,2026-05-03 21:45:57,direct
c1bca98a-03f4-4bb0-ab64-a1141ed2feb3,d8b0e2bb-459d-48f1-b42f-31a6bbddf77e,d093a843-b2fe-4a2b-ba0b-d6b1b0f0deed,abb40bf1-e421-485e-93f9-bcbcfcd3202c,2025-08-25 20:03:27,cv_search
fdd6a61e-1d18-4ff6-a34b-a908b38e46de,4fd5e63e-f43a-4015-a41c-fabe5d3649d9,08514437-28c5-4adc-9b2b-1fefb2daa52f,8d75f308-7d54-439e-aa2e-d51c045910d3,2025-07-31 13:50:21,direct
2716511d-9c63-4a38-8758-e7b367830d08,607fcf49-7456-44c6-bb4e-1a3f1429739e,ef1f858b-e079-41cc-8b2b-a1726310e0ac,58357c95-8874-4183-b951-faf8c5e2089b,2026-03-16 10:40:13,cv_search
e4019833-aeb6-457b-b277-4251d0e04a7e,52a7087b-14d4-43a4-8c99-ab52b7fbd8b9,,a1a3654b-d5be-4c74-b6fa-79fe549216ba,2026-03-19 19:33:04,cv_search
7152119b-0f02-48a8-a811-6cb0d5a20500,9b93a8d5-8ff4-4b43-9181-12e40f69608d,,7f42ed9d-b8cd-4395-967d-920a92ab6d3a,2025-12-15 02:01:21,instamatch
0120fe6e-0700-4b0d-9ef6-e9820be9476e,c0c477b5-07d8-4fb0-bfb1-f1966dbb12af,9cc3d003-1517-4681-85a7-7278f5edf773,05f82b79-c56e-4ce8-8b41-470b9d97252f,2025-06-17 07:48:20,direct
97959387-b552-4333-bc54-f491c2523490,1112fa14-8b0d-4294-97e7-78b8faa275e7,9aa559ca-05f1-49f4-b372-6770407d5abc,abb40bf1-e421-485e-93f9-bcbcfcd3202c,2025-11-28 06:43:10,cv_search
9594487e-32e2-47ae-8b0c-967fdb45f5fa,4dff8b74-8f48-4ee5-a0d5-d025de6581df,ef1f858b-e079-41cc-8b2b-a1726310e0ac,58357c95-8874-4183-b951-faf8c5e2089b,2025-09-11 10:37:29,direct
e2928c08-4b56-430a-b270-531bcd7f1ad9,7701e1e9-8626-4baf-a06d-746efdbf99cd,44d53017-34d5-4e39-9376-5cc020829d18,7f71c372-e0ae-4195-a1f8-4672c4f6a010,2025-12-18 11:53:49,instamatch
065dcb43-d12b-44a5-987f-081ccaf7db1a,200962be-acdd-4774-989f-9693038dc1f9,614c2c73-106f-494d-9def-f117e5b7263e,1ebdbbce-d9ac-4d3c-aaac-b67756f76918,2025-11-12 21:56:12,cv_search
04e016aa-53cb-49c5-bf10-10e763c180d4,05d82f52-c13d-4578-923e-9c84c141f52a,9aa559ca-05f1-49f4-b372-6770407d5abc,cbf6edb3-e4c2-44ad-9fdc-0ac73bd92b90,2026-04-23 11:41:47,cv_search
9208815a-2b9b-4b36-8ecf-5ed3ce3bfe90,e55d2630-e29c-44bc-8b64-956bd7a1b971,5d690391-d816-43be-a80c-fdb2d11cb7cb,7f42ed9d-b8cd-4395-967d-920a92ab6d3a,2025-09-18 13:46:47,direct
cc13f9dc-e002-4b89-8f79-029d97397ede,9b93a8d5-8ff4-4b43-9181-12e40f69608d,082e636b-d900-4a79-af0b-059a0513e322,abb40bf1-e421-485e-93f9-bcbcfcd3202c,2025-07-22 08:05:31,cv_search
cc187e6e-63a7-4037-b6a7-87dcd6bffc89,0758fcef-5943-423a-8a79-6e2d6ebb8fca,08514437-28c5-4adc-9b2b-1fefb2daa52f,0ee6ddaa-2284-46a9-a86d-4bf900c12b3b,2025-05-26 04:40:46,cv_search
429438fb-d2d6-4ad4-81c7-778dd072c8e4,a473bdba-d0c5-4c98-bf2a-78fa4a8fc4c8,e02399cc-bf52-4329-a6d9-2cb34bb05255,cbf6edb3-e4c2-44ad-9fdc-0ac73bd92b90,2025-11-26 05:15:44,cv_search
17e9fe6f-dc71-48be-9bb9-324fab4a2642,dda0e5f5-c4bf-4700-bf25-4b41a1fbd6da,d093a843-b2fe-4a2b-ba0b-d6b1b0f0deed,8d04cf8a-76ca-4552-b31c-422fd18d9caa,2025-10-03 22:25:07,cv_search
5780367a-f613-4635-9aea-3ce312de1aed,470b8676-7bf6-4107-856d-3f6d6c0bdcf3,9cc3d003-1517-4681-85a7-7278f5edf773,,2025-06-19 15:42:22,direct
9a204711-67ea-48e9-884e-1f273d36bfe0,44d1d696-aa73-495f-b7c7-6cb925f14d86,7baddfc6-73f2-46fc-af71-1d953aad7001,a34bd310-b3b9-45cf-aa4b-87950b511085,2026-05-10 06:22:19,instamatch
6085460d-c024-4eb2-ab37-37e78797c89f,c55bf5a4-c8ee-49e2-8083-32b06430027a,7d8e598c-4813-40ea-a971-d03c395fd14c,a34bd310-b3b9-45cf-aa4b-87950b511085,2025-12-01 06:54:33,cv_search
1aa7e374-8748-4a11-b763-42a21b79a4ac,b72a2958-4393-48e6-8797-ccd937d69d1e,44d53017-34d5-4e39-9376-5cc020829d18,,2025-08-29 15:07:37,direct
4909b627-2f0d-4fc7-ac93-19c75760ec12,5f86de62-8dbf-409f-a992-49fa1cdf5e5c,edc16c09-5781-40d0-8a7c-329a9f451b7c,0ee6ddaa-2284-46a9-a86d-4bf900c12b3b,2025-07-23 03:02:03,direct
93e0979c-f521-4605-ba0c-4f99fb2da340,90a9d186-482c-49a6-b239-b4f579eea7a3,ef1f858b-e079-41cc-8b2b-a1726310e0ac,a1a3654b-d5be-4c74-b6fa-79fe549216ba,2026-02-22 00:34:36,cv_search
2fc03e2c-1a9b-4dd2-b45b-77bc71598ef8,9c21c4b3-0839-4c0f-ab04-dc9ab3378b33,,043c62f9-e3ae-45a0-91cf-9b939a0cfdea,2025-07-12 17:43:20,direct
1e15683e-f1f0-4c95-8279-c1ffd5c3c106,dda0e5f5-c4bf-4700-bf25-4b41a1fbd6da,f58c1c67-74f5-4da0-9373-6ea420895e14,0988657d-498a-4138-a545-c67c635e50bc,2026-04-30 04:14:58,cv_search
a9f142f8-f08c-41e0-8b2a-6f5a60cba15c,98146436-8ead-46c6-9ea5-772d2205afcf,8675a86a-a9e5-4d4c-b833-6e7d57502ca0,58357c95-8874-4183-b951-faf8c5e2089b,2026-01-20 06:19:19,cv_search
bd4e3b65-36da-499c-a273-8af6cc09238b,835d6d27-05e7-4e0e-9474-455337d95b16,ef1f858b-e079-41cc-8b2b-a1726310e0ac,58357c95-8874-4183-b951-faf8c5e2089b,2025-06-07 22:13:33,cv_search
276f195a-983f-468a-895e-a2ba21fd4e9c,25accb22-0a57-4ad6-b6dd-e759cfc1b551,edc16c09-5781-40d0-8a7c-329a9f451b7c,c7fbe351-edcb-47e7-97a2-1ce31ea41cef,2026-05-03 10:46:43,instamatch
dc921347-80b0-4f34-8640-5974db145b47,fe2d46cb-e0b1-44bc-b076-29b0b8e7c211,78eb93d0-dcd1-4c51-80a1-6088fd695d8a,0988657d-498a-4138-a545-c67c635e50bc,2025-07-22 16:25:05,cv_search
3520338a-52ad-4746-9589-fd17fb326e52,4dff8b74-8f48-4ee5-a0d5-d025de6581df,11c8a68c-0a2e-4e42-87af-70119043774d,8b445472-ac60-4ed3-9617-bd007b884ef8,2026-02-01 22:25:27,direct
04e09aca-c6e9-455e-b5c8-3dd3fc259631,e988c06d-c9af-462a-aad4-351afdcbd61e,78eb93d0-dcd1-4c51-80a1-6088fd695d8a,87eda243-fc4d-42c3-bf23-6a78b168875c,2025-09-03 06:12:43,cv_search
ae2ae195-2fdb-4cc1-bd29-2b615296ca3d,7648902a-b27b-4c58-814a-a4d59824af50,,7f71c372-e0ae-4195-a1f8-4672c4f6a010,2025-06-22 11:22:13,instamatch
158503d1-0edc-4af6-a237-871448106cf8,ca2f6f0c-4c16-4413-8ae1-807e88a21578,5d690391-d816-43be-a80c-fdb2d11cb7cb,8b445472-ac60-4ed3-9617-bd007b884ef8,2025-07-08 10:34:37,cv_search
cf1e746e-f86b-4bb6-86dc-68bf9e9498a8,05d82f52-c13d-4578-923e-9c84c141f52a,ef1f858b-e079-41cc-8b2b-a1726310e0ac,8d75f308-7d54-439e-aa2e-d51c045910d3,2026-04-08 13:43:21,cv_search
87d0968f-5d27-4ba3-b2ba-389a65872302,1112fa14-8b0d-4294-97e7-78b8faa275e7,8675a86a-a9e5-4d4c-b833-6e7d57502ca0,7f42ed9d-b8cd-4395-967d-920a92ab6d3a,2025-08-19 14:47:32,direct
e0a6fb4e-7a42-46fa-a47b-71fb81823515,e988c06d-c9af-462a-aad4-351afdcbd61e,edc16c09-5781-40d0-8a7c-329a9f451b7c,7f71c372-e0ae-4195-a1f8-4672c4f6a010,2026-04-26 07:26:41,instamatch
b2a2995d-5b2f-41ab-89c2-0f6d46a9a839,686202f6-815e-4861-86c7-9223357dd495,082e636b-d900-4a79-af0b-059a0513e322,58357c95-8874-4183-b951-faf8c5e2089b,2026-04-10 22:36:59,instamatch
855b928c-7179-4738-86d2-e5d99cf7affe,f1b5e9f8-50fc-4e60-b822-e1730940bf21,9cc3d003-1517-4681-85a7-7278f5edf773,7f42ed9d-b8cd-4395-967d-920a92ab6d3a,2025-06-05 08:33:12,direct
53b8ff2e-5212-4225-b5e1-55e27a2f7ddf,9b93a8d5-8ff4-4b43-9181-12e40f69608d,7baddfc6-73f2-46fc-af71-1d953aad7001,a34bd310-b3b9-45cf-aa4b-87950b511085,2025-08-12 22:16:46,instamatch
c03917af-d8e3-4ea6-bb2b-766904384f35,33e2731e-d8db-49e0-a068-e466ae0381fc,9cc3d003-1517-4681-85a7-7278f5edf773,abb40bf1-e421-485e-93f9-bcbcfcd3202c,2025-12-21 11:00:05,cv_search
43f50850-1644-4e27-8956-7fd101cd806e,e76d848f-664e-478a-a6ae-a24c63e70cd7,6878eedf-e671-4b1a-890f-7df9a419bb81,8d04cf8a-76ca-4552-b31c-422fd18d9caa,2025-08-11 18:49:35,direct
748af568-c96c-4031-a591-fe186a76f34a,e55d2630-e29c-44bc-8b64-956bd7a1b971,f58c1c67-74f5-4da0-9373-6ea420895e14,7f71c372-e0ae-4195-a1f8-4672c4f6a010,2025-11-19 04:15:15,direct
eca4a6a0-30a7-4371-be26-9355cd6b1246,05d82f52-c13d-4578-923e-9c84c141f52a,082e636b-d900-4a79-af0b-059a0513e322,0988657d-498a-4138-a545-c67c635e50bc,2025-11-17 15:26:16,cv_search
6d51778b-d8d7-48e9-a68b-1303408552c7,e55d2630-e29c-44bc-8b64-956bd7a1b971,d093a843-b2fe-4a2b-ba0b-d6b1b0f0deed,8b445472-ac60-4ed3-9617-bd007b884ef8,2026-04-29 03:38:17,cv_search
f69ab755-c7b7-4c01-868c-a08167d9b34b,4fd5e63e-f43a-4015-a41c-fabe5d3649d9,f58c1c67-74f5-4da0-9373-6ea420895e14,7f71c372-e0ae-4195-a1f8-4672c4f6a010,2025-08-23 18:18:43,instamatch
a4b1fe47-6ff2-46a8-9f11-0f2b76dede94,7b2c402b-31a4-4520-9c27-ec7ad4b0d7a9,d093a843-b2fe-4a2b-ba0b-d6b1b0f0deed,abb40bf1-e421-485e-93f9-bcbcfcd3202c,2025-09-10 16:15:47,instamatch
e65283a2-b0f9-4e95-9354-8a3952564563,d8b0e2bb-459d-48f1-b42f-31a6bbddf77e,ef1f858b-e079-41cc-8b2b-a1726310e0ac,7f42ed9d-b8cd-4395-967d-920a92ab6d3a,2025-12-05 10:19:44,instamatch
99488644-0ed5-4bf4-9ae7-542039c4bc2a,9c21c4b3-0839-4c0f-ab04-dc9ab3378b33,5d690391-d816-43be-a80c-fdb2d11cb7cb,58357c95-8874-4183-b951-faf8c5e2089b,2025-06-10 07:35:35,instamatch
041ec764-a002-4ab8-9403-d3b8d56fd687,9b93a8d5-8ff4-4b43-9181-12e40f69608d,614c2c73-106f-494d-9def-f117e5b7263e,c7fbe351-edcb-47e7-97a2-1ce31ea41cef,2025-05-27 23:11:20,cv_search
160d2eda-6506-40aa-8ae8-f87ae45ecf96,7648902a-b27b-4c58-814a-a4d59824af50,5d690391-d816-43be-a80c-fdb2d11cb7cb,,2026-01-03 19:16:23,instamatch
677cf6c2-b805-4bde-9230-6f88e4f6b52b,0758fcef-5943-423a-8a79-6e2d6ebb8fca,5d690391-d816-43be-a80c-fdb2d11cb7cb,1ebdbbce-d9ac-4d3c-aaac-b67756f76918,2026-04-16 03:23:05,cv_search
d2b32ac0-413c-423e-9bfa-01fe25c8b586,f1b5e9f8-50fc-4e60-b822-e1730940bf21,9aa559ca-05f1-49f4-b372-6770407d5abc,7f42ed9d-b8cd-4395-967d-920a92ab6d3a,2025-05-24 05:02:43,instamatch
263ad100-8fc7-4fa5-adee-cadb39b41307,470b8676-7bf6-4107-856d-3f6d6c0bdcf3,9cc3d003-1517-4681-85a7-7278f5edf773,05f82b79-c56e-4ce8-8b41-470b9d97252f,2025-12-05 18:41:34,instamatch
400f953f-b5f2-48f8-ad01-700978e250e5,06062749-71be-4084-be3c-291cbc099043,7baddfc6-73f2-46fc-af71-1d953aad7001,1ebdbbce-d9ac-4d3c-aaac-b67756f76918,2025-12-17 12:03:05,cv_search
6d49a730-38a7-4147-a641-d82ce16cc7f5,5f86de62-8dbf-409f-a992-49fa1cdf5e5c,edc16c09-5781-40d0-8a7c-329a9f451b7c,58357c95-8874-4183-b951-faf8c5e2089b,2025-06-23 11:36:33,cv_search
19907a7a-8ef5-452e-9acb-858a292a300e,2d97ddae-92ab-4e58-a330-839180ad095d,,58357c95-8874-4183-b951-faf8c5e2089b,2026-02-20 01:53:12,cv_search
5924ca8f-7dee-41b3-b5c2-c4d45095d373,e918ae65-c7bf-4494-a8d4-4c983a923cf4,78eb93d0-dcd1-4c51-80a1-6088fd695d8a,0988657d-498a-4138-a545-c67c635e50bc,2026-01-10 09:08:28,cv_search
49dc7859-2a05-407a-aac0-47a2c95189a5,06062749-71be-4084-be3c-291cbc099043,11c8a68c-0a2e-4e42-87af-70119043774d,8d75f308-7d54-439e-aa2e-d51c045910d3,2025-07-02 06:31:49,cv_search
5f11ce7e-c707-4f96-b52d-946060ceae7f,d8b0e2bb-459d-48f1-b42f-31a6bbddf77e,ef1f858b-e079-41cc-8b2b-a1726310e0ac,05f82b79-c56e-4ce8-8b41-470b9d97252f,2025-12-10 22:54:25,instamatch
b6dda6cb-eca0-470b-bf95-dbd17014da86,fe2d46cb-e0b1-44bc-b076-29b0b8e7c211,f58c1c67-74f5-4da0-9373-6ea420895e14,0988657d-498a-4138-a545-c67c635e50bc,2025-10-27 07:10:32,cv_search
9f676630-d820-4b73-bbdd-7577c8f9ae21,e55d2630-e29c-44bc-8b64-956bd7a1b971,f58c1c67-74f5-4da0-9373-6ea420895e14,8d04cf8a-76ca-4552-b31c-422fd18d9caa,2026-03-22 12:04:14,cv_search
316a2e62-1618-4449-8e34-f422391cde18,7b2c402b-31a4-4520-9c27-ec7ad4b0d7a9,9aa559ca-05f1-49f4-b372-6770407d5abc,a1a3654b-d5be-4c74-b6fa-79fe549216ba,2025-11-16 04:28:20,direct
2a037d6f-d9e0-487e-a025-4304f3ddd31e,7b2c402b-31a4-4520-9c27-ec7ad4b0d7a9,7d8e598c-4813-40ea-a971-d03c395fd14c,0ee6ddaa-2284-46a9-a86d-4bf900c12b3b,2026-02-27 08:21:15,cv_search
6da26d3c-3d84-4dbe-a46b-4dd131a53c5f,f1b5e9f8-50fc-4e60-b822-e1730940bf21,ef1f858b-e079-41cc-8b2b-a1726310e0ac,87eda243-fc4d-42c3-bf23-6a78b168875c,2025-07-08 09:45:26,cv_search
af6262c9-a50b-4a0d-a115-417a509878ac,7333a73e-5fbe-44b6-96eb-f697c336a3c4,11c8a68c-0a2e-4e42-87af-70119043774d,ba7256ee-5bdf-4568-8d94-573bf1ba058c,2025-11-30 19:10:02,instamatch
fd166dd5-bd73-4a0a-8f5f-55f90ca618dc,90a9d186-482c-49a6-b239-b4f579eea7a3,9cc3d003-1517-4681-85a7-7278f5edf773,05f82b79-c56e-4ce8-8b41-470b9d97252f,2025-07-17 20:06:02,instamatch
3d3982c9-26f0-4909-bd8c-4d141c22b41a,52a7087b-14d4-43a4-8c99-ab52b7fbd8b9,44d53017-34d5-4e39-9376-5cc020829d18,cbf6edb3-e4c2-44ad-9fdc-0ac73bd92b90,2025-08-14 22:49:44,cv_search
5fcafa00-c007-499c-915e-dca6f2d293ad,a473bdba-d0c5-4c98-bf2a-78fa4a8fc4c8,f58c1c67-74f5-4da0-9373-6ea420895e14,7f71c372-e0ae-4195-a1f8-4672c4f6a010,2026-04-30 08:10:33,cv_search
29085514-cc7b-46d6-afa4-66e6b515d7b9,ec9e84b7-4380-475f-abe1-19dc237d8838,edc16c09-5781-40d0-8a7c-329a9f451b7c,0988657d-498a-4138-a545-c67c635e50bc,2026-05-03 12:47:02,direct
44273800-3a25-4791-9023-d00987271741,c55bf5a4-c8ee-49e2-8083-32b06430027a,7d8e598c-4813-40ea-a971-d03c395fd14c,8d75f308-7d54-439e-aa2e-d51c045910d3,2025-12-06 04:08:00,direct
fc97c904-652f-46c2-b9e1-49e2e3ed6818,8d30e723-0cfb-4643-8129-a17371a64527,7baddfc6-73f2-46fc-af71-1d953aad7001,05f82b79-c56e-4ce8-8b41-470b9d97252f,2025-06-01 16:08:29,direct
c12ec1e5-7113-4721-bdf8-96150ed26ca5,4fd5e63e-f43a-4015-a41c-fabe5d3649d9,9aa559ca-05f1-49f4-b372-6770407d5abc,a34bd310-b3b9-45cf-aa4b-87950b511085,2026-03-10 05:14:31,instamatch
011502c7-be9c-4c31-98df-c521624f8c10,7648902a-b27b-4c58-814a-a4d59824af50,08514437-28c5-4adc-9b2b-1fefb2daa52f,ba7256ee-5bdf-4568-8d94-573bf1ba058c,2026-05-03 10:42:02,cv_search
09e8cb93-7f28-41a0-a3a1-69daeca92273,2d97ddae-92ab-4e58-a330-839180ad095d,e02399cc-bf52-4329-a6d9-2cb34bb05255,,2025-12-30 02:58:18,instamatch
5ba3bcbb-f16b-4145-a738-b6219a1537c9,835d6d27-05e7-4e0e-9474-455337d95b16,,a34bd310-b3b9-45cf-aa4b-87950b511085,2026-01-10 22:21:33,direct
0188fdc2-077e-4262-bfdb-88341343ac69,b071b687-6c6d-4983-b0e0-292fd635db95,614c2c73-106f-494d-9def-f117e5b7263e,1ebdbbce-d9ac-4d3c-aaac-b67756f76918,2025-07-17 13:01:47,direct
46d6ef73-d706-4806-a4f9-e1d95f774b42,f1b5e9f8-50fc-4e60-b822-e1730940bf21,edc16c09-5781-40d0-8a7c-329a9f451b7c,0ee6ddaa-2284-46a9-a86d-4bf900c12b3b,2025-06-08 09:16:55,instamatch
45700944-c96e-4f6c-a23d-356d319c654b,a473bdba-d0c5-4c98-bf2a-78fa4a8fc4c8,aadcfdd3-e6d8-4559-a34f-124dd8b9a00e,cbf6edb3-e4c2-44ad-9fdc-0ac73bd92b90,2026-04-19 02:10:25,direct
d8f459db-d8f3-405e-ad8f-70ec59513170,2d97ddae-92ab-4e58-a330-839180ad095d,5d690391-d816-43be-a80c-fdb2d11cb7cb,abb40bf1-e421-485e-93f9-bcbcfcd3202c,2025-08-25 05:30:36,direct
b9f51cd7-7f19-484d-982c-67d00841dd12,5f86de62-8dbf-409f-a992-49fa1cdf5e5c,082e636b-d900-4a79-af0b-059a0513e322,7f42ed9d-b8cd-4395-967d-920a92ab6d3a,2025-08-17 01:02:04,direct
d6228623-396a-425f-8cde-b1a06fe9fcab,65c670c6-2728-485b-877c-9769a8f95ce9,e02399cc-bf52-4329-a6d9-2cb34bb05255,7f42ed9d-b8cd-4395-967d-920a92ab6d3a,2026-01-20 18:29:58,cv_search
daf9cd2a-9b00-4dd0-bfd7-c1abd47aabfc,44d1d696-aa73-495f-b7c7-6cb925f14d86,e02399cc-bf52-4329-a6d9-2cb34bb05255,05f82b79-c56e-4ce8-8b41-470b9d97252f,2026-05-17 08:54:59,direct
eda6632c-b711-455f-a1fd-8e01b5e69fb1,f1b5e9f8-50fc-4e60-b822-e1730940bf21,e02399cc-bf52-4329-a6d9-2cb34bb05255,c7fbe351-edcb-47e7-97a2-1ce31ea41cef,2026-03-21 02:25:02,cv_search
b8c83364-a4b2-496f-b082-1fd95d90ae95,ccdfc525-a373-48a0-a44f-89caab65176a,78eb93d0-dcd1-4c51-80a1-6088fd695d8a,abb40bf1-e421-485e-93f9-bcbcfcd3202c,2025-08-03 02:45:14,direct
e1eb4c0e-ff0c-4abb-b393-529c0a9676d1,835d6d27-05e7-4e0e-9474-455337d95b16,5d690391-d816-43be-a80c-fdb2d11cb7cb,a1a3654b-d5be-4c74-b6fa-79fe549216ba,2026-03-20 11:02:17,instamatch
d21740cc-c16e-49ca-9c5d-0969056cad6a,52a7087b-14d4-43a4-8c99-ab52b7fbd8b9,78eb93d0-dcd1-4c51-80a1-6088fd695d8a,8b445472-ac60-4ed3-9617-bd007b884ef8,2025-08-28 03:42:34,direct
aafba736-dd89-480f-ac09-b295e1cc8d73,d3f90615-2718-4e1d-831b-156e4ce6fa77,9aa559ca-05f1-49f4-b372-6770407d5abc,7f71c372-e0ae-4195-a1f8-4672c4f6a010,2025-07-15 08:44:19,direct
17933e83-157d-4608-91b3-859de9dd8856,793d8c87-5653-483a-95ab-4b8e97f8a35b,d093a843-b2fe-4a2b-ba0b-d6b1b0f0deed,1ebdbbce-d9ac-4d3c-aaac-b67756f76918,2025-11-28 11:30:02,instamatch
853d5f2c-f71e-4c89-8cb1-dc40ca9d8dfc,7b2c402b-31a4-4520-9c27-ec7ad4b0d7a9,ad4325bd-df4d-4d5e-a657-cd0eca0e12ce,87eda243-fc4d-42c3-bf23-6a78b168875c,2025-06-11 22:50:15,direct
b233eecc-4ac8-44eb-8f93-c528a2f05113,7333a73e-5fbe-44b6-96eb-f697c336a3c4,ad4325bd-df4d-4d5e-a657-cd0eca0e12ce,7f42ed9d-b8cd-4395-967d-920a92ab6d3a,2025-06-19 04:13:23,cv_search
47faf081-367f-4df7-ad93-da4317e1c4a0,e988c06d-c9af-462a-aad4-351afdcbd61e,e02399cc-bf52-4329-a6d9-2cb34bb05255,05f82b79-c56e-4ce8-8b41-470b9d97252f,2026-01-27 12:03:57,instamatch
1ff3b826-8eec-4928-82bb-139601ba1ca4,33e2731e-d8db-49e0-a068-e466ae0381fc,11c8a68c-0a2e-4e42-87af-70119043774d,8b445472-ac60-4ed3-9617-bd007b884ef8,2026-03-16 17:44:57,instamatch
97d654f9-b7a6-41e0-a611-be34c36b462c,835d6d27-05e7-4e0e-9474-455337d95b16,78eb93d0-dcd1-4c51-80a1-6088fd695d8a,cbf6edb3-e4c2-44ad-9fdc-0ac73bd92b90,2026-02-06 05:37:29,instamatch
9d046bd5-0783-41c1-92e0-5c47ea42d320,dda0e5f5-c4bf-4700-bf25-4b41a1fbd6da,aadcfdd3-e6d8-4559-a34f-124dd8b9a00e,c7fbe351-edcb-47e7-97a2-1ce31ea41cef,2026-05-17 05:13:46,direct
196cf106-93ea-4ed7-9a2a-796d83e00eba,a473bdba-d0c5-4c98-bf2a-78fa4a8fc4c8,44d53017-34d5-4e39-9376-5cc020829d18,7f71c372-e0ae-4195-a1f8-4672c4f6a010,2026-04-03 04:35:15,instamatch
eda8f12d-b409-4647-8822-22261f25c9e7,c55bf5a4-c8ee-49e2-8083-32b06430027a,44d53017-34d5-4e39-9376-5cc020829d18,ba7256ee-5bdf-4568-8d94-573bf1ba058c,2025-08-02 10:03:51,cv_search
d5ad57d4-f339-4c56-99d9-c1566cb848e1,bf4e210f-643a-4759-ab83-8af17b86f043,44d53017-34d5-4e39-9376-5cc020829d18,8b445472-ac60-4ed3-9617-bd007b884ef8,2025-11-17 18:56:07,cv_search
be9b25ff-6645-4806-97ca-f547cc67ab7a,0758fcef-5943-423a-8a79-6e2d6ebb8fca,9cc3d003-1517-4681-85a7-7278f5edf773,a1a3654b-d5be-4c74-b6fa-79fe549216ba,2026-03-06 08:26:14,instamatch
9521333b-8287-4633-acad-257617ef1590,9c21c4b3-0839-4c0f-ab04-dc9ab3378b33,5d690391-d816-43be-a80c-fdb2d11cb7cb,87eda243-fc4d-42c3-bf23-6a78b168875c,2026-04-05 06:08:04,direct
54d35d7b-e802-4d74-b1f0-cd678fa58927,607fcf49-7456-44c6-bb4e-1a3f1429739e,edc16c09-5781-40d0-8a7c-329a9f451b7c,0ee6ddaa-2284-46a9-a86d-4bf900c12b3b,2026-04-27 17:01:33,direct
5fbdecab-c905-4d3f-8b6a-397330489fa6,a2e936a7-7186-45c8-8868-f4d826eeb864,08514437-28c5-4adc-9b2b-1fefb2daa52f,8d75f308-7d54-439e-aa2e-d51c045910d3,2026-01-04 09:32:56,instamatch
bf498228-d1c9-4a8d-9c5c-3f62a111905f,06062749-71be-4084-be3c-291cbc099043,6878eedf-e671-4b1a-890f-7df9a419bb81,,2026-05-10 05:05:39,cv_search
a01b34e6-05db-46e7-a000-4b198e33f395,bf4e210f-643a-4759-ab83-8af17b86f043,5d690391-d816-43be-a80c-fdb2d11cb7cb,abb40bf1-e421-485e-93f9-bcbcfcd3202c,2026-01-30 21:48:17,cv_search
ebdd068e-617d-4ce1-9f7f-9fe97ae0ae06,fce7cfe5-e278-4d7b-af7e-54aaa7e5f40a,d093a843-b2fe-4a2b-ba0b-d6b1b0f0deed,87eda243-fc4d-42c3-bf23-6a78b168875c,2025-08-25 02:58:11,direct
821e83ae-a2eb-47b5-9d61-72b49bede648,200962be-acdd-4774-989f-9693038dc1f9,f58c1c67-74f5-4da0-9373-6ea420895e14,8d04cf8a-76ca-4552-b31c-422fd18d9caa,2026-01-14 07:09:49,instamatch
fc83d0a3-be01-42f5-a977-ef4378d6dd66,ccdfc525-a373-48a0-a44f-89caab65176a,,1ebdbbce-d9ac-4d3c-aaac-b67756f76918,2025-09-11 21:12:21,instamatch
836f9296-d798-40db-954b-e4a8a4cd5a1e,d8b0e2bb-459d-48f1-b42f-31a6bbddf77e,11c8a68c-0a2e-4e42-87af-70119043774d,cbf6edb3-e4c2-44ad-9fdc-0ac73bd92b90,2025-08-02 08:04:50,instamatch
72533d3b-99e1-45e0-9e1c-92761969bbda,7648902a-b27b-4c58-814a-a4d59824af50,edc16c09-5781-40d0-8a7c-329a9f451b7c,8d04cf8a-76ca-4552-b31c-422fd18d9caa,2026-05-02 16:06:06,cv_search
b07b8a8e-22bb-4fc3-9f32-b360e69dfcbb,7b2c402b-31a4-4520-9c27-ec7ad4b0d7a9,edc16c09-5781-40d0-8a7c-329a9f451b7c,7c31d95d-e425-4091-b401-d9f274bc3aa2,2025-09-14 08:58:46,instamatch
04ae81a0-2deb-40c6-a8c4-95896a3e709e,7701e1e9-8626-4baf-a06d-746efdbf99cd,ef1f858b-e079-41cc-8b2b-a1726310e0ac,c7fbe351-edcb-47e7-97a2-1ce31ea41cef,2026-04-16 05:52:00,instamatch
19ba249e-5cf7-4d94-ba38-9be336e1844c,1f95ee40-8255-40d3-aa20-abd311effafb,8675a86a-a9e5-4d4c-b833-6e7d57502ca0,a1a3654b-d5be-4c74-b6fa-79fe549216ba,2025-07-05 06:00:36,instamatch
e5e18029-9030-4154-b2f4-5e7de93f033d,bf4e210f-643a-4759-ab83-8af17b86f043,6878eedf-e671-4b1a-890f-7df9a419bb81,7c31d95d-e425-4091-b401-d9f274bc3aa2,2026-04-19 06:05:33,direct
f486b7b0-998a-4f52-8e9d-7beaebdb653a,b72a2958-4393-48e6-8797-ccd937d69d1e,7baddfc6-73f2-46fc-af71-1d953aad7001,cbf6edb3-e4c2-44ad-9fdc-0ac73bd92b90,2025-12-25 18:16:50,instamatch
f5782f5d-d58a-44e1-bd3f-326e33daf997,9b93a8d5-8ff4-4b43-9181-12e40f69608d,7baddfc6-73f2-46fc-af71-1d953aad7001,a1a3654b-d5be-4c74-b6fa-79fe549216ba,2025-05-18 23:18:47,cv_search
f1e8c3d0-5bea-468b-b6c6-65302925f1fc,52a7087b-14d4-43a4-8c99-ab52b7fbd8b9,9cc3d003-1517-4681-85a7-7278f5edf773,7f42ed9d-b8cd-4395-967d-920a92ab6d3a,2025-05-20 21:45:57,instamatch
89cff60e-f3b8-4b0d-83a8-8177cfe36b54,e918ae65-c7bf-4494-a8d4-4c983a923cf4,08514437-28c5-4adc-9b2b-1fefb2daa52f,05f82b79-c56e-4ce8-8b41-470b9d97252f,2025-07-19 18:58:38,instamatch
caaf333e-2f4f-46b4-beca-5ac3e99bc3e3,e988c06d-c9af-462a-aad4-351afdcbd61e,7baddfc6-73f2-46fc-af71-1d953aad7001,7f71c372-e0ae-4195-a1f8-4672c4f6a010,2025-12-06 09:43:46,direct
bf34debe-8920-4a5d-8d83-358552acfdf6,835d6d27-05e7-4e0e-9474-455337d95b16,8675a86a-a9e5-4d4c-b833-6e7d57502ca0,1ebdbbce-d9ac-4d3c-aaac-b67756f76918,2026-01-26 19:03:57,instamatch
b3d6ee7e-1cfb-4196-bf36-9c23ce2f8242,9c21c4b3-0839-4c0f-ab04-dc9ab3378b33,e02399cc-bf52-4329-a6d9-2cb34bb05255,05f82b79-c56e-4ce8-8b41-470b9d97252f,2025-11-12 00:03:17,direct
f0c200c8-f75e-4754-997b-369646142116,1112fa14-8b0d-4294-97e7-78b8faa275e7,78eb93d0-dcd1-4c51-80a1-6088fd695d8a,aab08191-b495-481e-9b43-c5ab24f70149,2025-10-07 20:54:52,cv_search
5920494b-ff90-4312-9b7e-b77d4312b07b,65c670c6-2728-485b-877c-9769a8f95ce9,7d8e598c-4813-40ea-a971-d03c395fd14c,ba7256ee-5bdf-4568-8d94-573bf1ba058c,2025-06-16 01:07:58,instamatch
aa2d7e6e-5814-4020-92b7-d43ea8d5dd86,1f95ee40-8255-40d3-aa20-abd311effafb,08514437-28c5-4adc-9b2b-1fefb2daa52f,05f82b79-c56e-4ce8-8b41-470b9d97252f,2026-04-02 14:55:18,instamatch
ebec1b63-34d9-4aac-8804-7ee09283df16,9c21c4b3-0839-4c0f-ab04-dc9ab3378b33,7d8e598c-4813-40ea-a971-d03c395fd14c,cbf6edb3-e4c2-44ad-9fdc-0ac73bd92b90,2026-01-10 06:38:52,direct
bbaf98db-70fe-4c14-936c-dd30c787ebe3,200962be-acdd-4774-989f-9693038dc1f9,,aab08191-b495-481e-9b43-c5ab24f70149,2025-11-30 03:28:22,instamatch
85ed4422-354d-4edb-a383-64ee3860247b,7b2c402b-31a4-4520-9c27-ec7ad4b0d7a9,edc16c09-5781-40d0-8a7c-329a9f451b7c,8d04cf8a-76ca-4552-b31c-422fd18d9caa,2026-04-08 09:52:33,direct
0ab67c54-44cc-400d-8ba4-aa3496a96822,9c21c4b3-0839-4c0f-ab04-dc9ab3378b33,9aa559ca-05f1-49f4-b372-6770407d5abc,05f82b79-c56e-4ce8-8b41-470b9d97252f,2026-03-11 11:09:30,instamatch
c5eeeb58-38cb-4955-87b3-4c1de298680a,a473bdba-d0c5-4c98-bf2a-78fa4a8fc4c8,9cc3d003-1517-4681-85a7-7278f5edf773,8d75f308-7d54-439e-aa2e-d51c045910d3,2025-10-27 00:06:53,cv_search
c7cc8266-4a08-49cb-b4a2-f956347d198f,470b8676-7bf6-4107-856d-3f6d6c0bdcf3,78eb93d0-dcd1-4c51-80a1-6088fd695d8a,8b445472-ac60-4ed3-9617-bd007b884ef8,2025-07-01 11:38:01,instamatch
1076623b-097a-44d2-b8cf-642e61164b2f,607fcf49-7456-44c6-bb4e-1a3f1429739e,614c2c73-106f-494d-9def-f117e5b7263e,58357c95-8874-4183-b951-faf8c5e2089b,2026-05-07 10:27:46,cv_search
5d841dc6-5e08-47ff-83a7-e007b4cdc686,dda0e5f5-c4bf-4700-bf25-4b41a1fbd6da,e02399cc-bf52-4329-a6d9-2cb34bb05255,abb40bf1-e421-485e-93f9-bcbcfcd3202c,2025-10-01 21:01:40,instamatch
c88e0445-5f8e-45a8-b430-8cf806139aa8,ca2f6f0c-4c16-4413-8ae1-807e88a21578,aadcfdd3-e6d8-4559-a34f-124dd8b9a00e,,2025-12-23 00:44:56,cv_search
f95a695d-58f0-4c78-b71a-9d58ea47215e,d8b0e2bb-459d-48f1-b42f-31a6bbddf77e,11c8a68c-0a2e-4e42-87af-70119043774d,0988657d-498a-4138-a545-c67c635e50bc,2025-10-05 15:58:08,instamatch
1ada79f0-d8d8-45b0-abcf-972da10c8897,d84c9432-37c6-487d-bb86-26c28019af71,7d8e598c-4813-40ea-a971-d03c395fd14c,abb40bf1-e421-485e-93f9-bcbcfcd3202c,2026-03-19 21:33:10,direct
c27a4552-f7a4-4f64-995f-7fcfd324553b,42398576-01e9-42ff-8738-69490c7fad47,6878eedf-e671-4b1a-890f-7df9a419bb81,abb40bf1-e421-485e-93f9-bcbcfcd3202c,2026-03-09 22:27:26,direct
cfc33197-0ef8-4aea-bec7-b14e6cf6da62,8e1771ae-a663-4b41-b85a-4fbbaab08c09,5d690391-d816-43be-a80c-fdb2d11cb7cb,8d75f308-7d54-439e-aa2e-d51c045910d3,2026-05-11 17:31:02,instamatch
63f8886c-0cef-4364-83f3-acaced9fbc5c,8b4db567-6b55-4919-a469-a526a882589a,aadcfdd3-e6d8-4559-a34f-124dd8b9a00e,87eda243-fc4d-42c3-bf23-6a78b168875c,2025-07-01 23:27:08,cv_search
f5d17b3a-851d-4e92-9092-a12d27ac1203,65c670c6-2728-485b-877c-9769a8f95ce9,e02399cc-bf52-4329-a6d9-2cb34bb05255,ba7256ee-5bdf-4568-8d94-573bf1ba058c,2025-09-29 17:20:47,cv_search
13c921ca-1cc6-4560-b281-b206aff94cc1,835d6d27-05e7-4e0e-9474-455337d95b16,f58c1c67-74f5-4da0-9373-6ea420895e14,c7fbe351-edcb-47e7-97a2-1ce31ea41cef,2025-07-26 21:30:49,instamatch
dedf3f6b-c241-4f66-bc33-8056410356d1,e988c06d-c9af-462a-aad4-351afdcbd61e,7d8e598c-4813-40ea-a971-d03c395fd14c,aab08191-b495-481e-9b43-c5ab24f70149,2025-05-20 19:52:43,instamatch
76c37879-96e5-4d3f-8bbe-c06c24a6b739,ec9e84b7-4380-475f-abe1-19dc237d8838,edc16c09-5781-40d0-8a7c-329a9f451b7c,05f82b79-c56e-4ce8-8b41-470b9d97252f,2026-02-12 20:01:41,direct
553c9744-ec9a-407c-93e0-eee7d174336e,c55bf5a4-c8ee-49e2-8083-32b06430027a,5d690391-d816-43be-a80c-fdb2d11cb7cb,05f82b79-c56e-4ce8-8b41-470b9d97252f,2026-02-18 09:56:19,direct
5cf22819-a032-4c53-9679-e4eb1596d34c,06062749-71be-4084-be3c-291cbc099043,6878eedf-e671-4b1a-890f-7df9a419bb81,aab08191-b495-481e-9b43-c5ab24f70149,2026-01-20 23:22:42,cv_search
3217664e-12ae-4690-b1e8-adbd5e51d067,90a9d186-482c-49a6-b239-b4f579eea7a3,f58c1c67-74f5-4da0-9373-6ea420895e14,0ee6ddaa-2284-46a9-a86d-4bf900c12b3b,2026-01-31 10:27:35,cv_search
af958e51-d92b-4ebb-b92f-3396f4c94b93,ad0d042d-e3e3-448f-9720-4633ac6e9604,9aa559ca-05f1-49f4-b372-6770407d5abc,58357c95-8874-4183-b951-faf8c5e2089b,2025-07-26 08:32:51,cv_search
5c0dee17-ae89-47f2-8d20-22d312037c05,9c21c4b3-0839-4c0f-ab04-dc9ab3378b33,5d690391-d816-43be-a80c-fdb2d11cb7cb,aab08191-b495-481e-9b43-c5ab24f70149,2026-03-11 13:07:26,instamatch
1cec5d34-e28e-4be7-afbf-c680f0b05eb7,fce7cfe5-e278-4d7b-af7e-54aaa7e5f40a,11c8a68c-0a2e-4e42-87af-70119043774d,1ebdbbce-d9ac-4d3c-aaac-b67756f76918,2025-12-31 18:28:33,cv_search
3f5a97b4-fc93-465a-a5ae-d0bf48303f02,b72a2958-4393-48e6-8797-ccd937d69d1e,9aa559ca-05f1-49f4-b372-6770407d5abc,ba7256ee-5bdf-4568-8d94-573bf1ba058c,2026-03-08 16:10:10,cv_search
e6bfabd9-d109-41b1-a19d-057e7d14624f,fe2d46cb-e0b1-44bc-b076-29b0b8e7c211,f58c1c67-74f5-4da0-9373-6ea420895e14,,2025-08-06 04:19:46,instamatch
9996ee6a-8b25-41d6-aa4e-3a31615b5918,06062749-71be-4084-be3c-291cbc099043,7baddfc6-73f2-46fc-af71-1d953aad7001,cbf6edb3-e4c2-44ad-9fdc-0ac73bd92b90,2026-05-10 09:17:28,instamatch
b98e649f-4142-45da-8d84-7460ade4acee,835d6d27-05e7-4e0e-9474-455337d95b16,9aa559ca-05f1-49f4-b372-6770407d5abc,a1a3654b-d5be-4c74-b6fa-79fe549216ba,2026-05-05 16:53:28,cv_search
45a87b86-0028-48a1-8256-af2b2b8b4372,9b93a8d5-8ff4-4b43-9181-12e40f69608d,614c2c73-106f-494d-9def-f117e5b7263e,aab08191-b495-481e-9b43-c5ab24f70149,2025-05-30 20:20:51,direct
babc7c1f-57f9-42da-b67b-849515511163,b89513fb-9038-4fef-9413-3ac2c9770159,8675a86a-a9e5-4d4c-b833-6e7d57502ca0,aab08191-b495-481e-9b43-c5ab24f70149,2025-11-13 09:54:02,direct
a26ba32d-fd2b-44f5-9bb4-4271c19f37e9,8d30e723-0cfb-4643-8129-a17371a64527,ef1f858b-e079-41cc-8b2b-a1726310e0ac,cbf6edb3-e4c2-44ad-9fdc-0ac73bd92b90,2026-01-29 13:18:55,direct
d20bbcb1-573e-4751-8aa7-a2e9ad869282,7648902a-b27b-4c58-814a-a4d59824af50,d093a843-b2fe-4a2b-ba0b-d6b1b0f0deed,a34bd310-b3b9-45cf-aa4b-87950b511085,2025-12-24 18:05:20,cv_search
e9f032b5-fcc8-40ba-bbe1-954e644cb6e9,9c21c4b3-0839-4c0f-ab04-dc9ab3378b33,ad4325bd-df4d-4d5e-a657-cd0eca0e12ce,aab08191-b495-481e-9b43-c5ab24f70149,2025-05-20 00:20:57,direct
41b6c192-35cd-4fba-9a1d-eec1e39c8e89,ad0d042d-e3e3-448f-9720-4633ac6e9604,,8d75f308-7d54-439e-aa2e-d51c045910d3,2026-05-11 21:37:12,cv_search
