job_skill_id,job_id,skill_id
7e77420a-01eb-450f-9110-44625a44e9c4,3c87b47b-8274-4cb2-9e5d-742e8f5d594d,170140ee-6a3c-4c5c-bbc3-17dcda3bec91
d86c9c0b-9d4e-4ce4-a420-4165685bec10,3c87b47b-8274-4cb2-9e5d-742e8f5d594d,e5256dcd-1308-43f5-a821-a4d50045b0c2
2ea9bffc-f0ac-45bb-b47f-e7db1951932c,d173e94d-ad5c-4e3a-a6d7-454af2494810,9b533ac3-7a26-4904-a64c-127d029933a7
ed854b24-e356-42a6-97ea-a3f0782c358a,d173e94d-ad5c-4e3a-a6d7-454af2494810,5f2259e7-921d-47fb-9695-2798fe7ef3b1
72c6149b-d047-4215-a2ed-3baac0d50784,0ae3a222-c6d2-44ea-aeab-1a8d765e3394,fc27267f-6849-4022-a310-2a5925128a65
c06566e6-118c-4745-945a-07824e6ec2cb,0ae3a222-c6d2-44ea-aeab-1a8d765e3394,7aed13f7-492c-4acd-83ac-b89f153100dd
e6b0d53f-d36d-43a3-8ca4-8ff3347574bd,0ae3a222-c6d2-44ea-aeab-1a8d765e3394,03fafd2f-17f2-447d-9efb-b3562815b2c3
43e41e76-dc6e-4066-b42c-1eb0ed289dd8,0ae3a222-c6d2-44ea-aeab-1a8d765e3394,1e06728f-fcc5-4457-b413-d65752469487
8dd1d9c6-3d3a-4118-8285-e74ab305e5f9,04f13d90-2fa9-445f-900d-53485cfe2cbe,5f2259e7-921d-47fb-9695-2798fe7ef3b1
bfede232-fed5-4035-acdf-290d45d647c4,04f13d90-2fa9-445f-900d-53485cfe2cbe,9b533ac3-7a26-4904-a64c-127d029933a7
7cc03700-20a5-4ab2-9859-991bcb95caa6,04f13d90-2fa9-445f-900d-53485cfe2cbe,7aed13f7-492c-4acd-83ac-b89f153100dd
90f795d2-8d89-4141-8b75-6a9ad64688d8,04f13d90-2fa9-445f-900d-53485cfe2cbe,e8b1694b-d50c-4a9d-b4f0-0f382f387494
f5eaf8a9-9fe8-4920-ad10-b10c0eb9a19e,04f13d90-2fa9-445f-900d-53485cfe2cbe,76eb15f7-6e5e-4b15-9e6f-48434b1cab44
2311df66-8ef1-4477-8b39-9cc0188d816b,87696d55-115d-48d0-8d1b-a6039c3224d9,26bab90e-dcaf-466f-9103-2b7b19a6b6cc
f1b8e7f3-bb41-4cd4-a389-3f71f99ce7e6,87696d55-115d-48d0-8d1b-a6039c3224d9,38a6a2e9-a07c-42b6-82a7-2109191dc6a0
bdf7c2f0-5b26-4ccb-9bf0-82691b0ca0a0,87696d55-115d-48d0-8d1b-a6039c3224d9,afa91ff2-996d-447e-ba0c-fbeb26bba630
4d426e45-8999-4598-a1d5-16a7f08cb227,87696d55-115d-48d0-8d1b-a6039c3224d9,a85caf8d-49f9-440d-8147-9357ff25955c
3b04d163-5949-4aea-a3e9-9c730946bde8,87696d55-115d-48d0-8d1b-a6039c3224d9,8b3423b3-0ab0-4296-85e0-4ebcd89620f3
7a047e6d-dbbf-4066-9558-4bd301a762d7,c6f8dd07-afe9-4c32-a064-0688eb433ce9,9b533ac3-7a26-4904-a64c-127d029933a7
276f3f12-1ac7-413e-8143-8b3fa20e1314,c6f8dd07-afe9-4c32-a064-0688eb433ce9,7aed13f7-492c-4acd-83ac-b89f153100dd
28ba299e-8c9f-4c35-8c37-423941a3cd25,c6f8dd07-afe9-4c32-a064-0688eb433ce9,9124a078-66c7-4231-ab1e-8c448ebc12b6
eb31fe46-fffa-40cd-8812-fd6c9e3bf12c,ca94948b-2d78-4734-8764-6aba21ece73c,271d6569-e42e-4403-a5bf-cad1d3e81ed0
358726b5-f086-4e65-962d-2741d832f174,ca94948b-2d78-4734-8764-6aba21ece73c,e8b1694b-d50c-4a9d-b4f0-0f382f387494
2ae6a583-c46b-4a1a-8e23-b68801f32145,ca94948b-2d78-4734-8764-6aba21ece73c,1e06728f-fcc5-4457-b413-d65752469487
c9cbfc5b-4a20-4531-8bd2-4722e79d45da,ca94948b-2d78-4734-8764-6aba21ece73c,efa1d7b2-b5d3-453e-85e6-a0a22b65cde4
ad4ebc16-3f32-4514-a36a-3cd717548639,ca94948b-2d78-4734-8764-6aba21ece73c,03fafd2f-17f2-447d-9efb-b3562815b2c3
81c88bc0-85f4-421b-8c0f-d3a05926d38e,d7cb383c-4313-40a1-9ed9-e75190020f51,526de5f2-7da4-499b-aa9f-442870595cd3
800044ce-8bc7-4edb-8abb-ebf6538bdf37,d7cb383c-4313-40a1-9ed9-e75190020f51,4abe3283-6b63-47cd-aff1-3661dfd1f65a
1639872e-8264-4916-a32e-ec224e2a042c,d7cb383c-4313-40a1-9ed9-e75190020f51,fc27267f-6849-4022-a310-2a5925128a65
0d0611b9-c968-488d-85a4-f93f5480426d,7a4a808d-95e6-4fcb-b93b-7b427b68b8b3,a85caf8d-49f9-440d-8147-9357ff25955c
1ef119cc-4e85-41e7-bb9b-2d1c528eeadc,7a4a808d-95e6-4fcb-b93b-7b427b68b8b3,271d6569-e42e-4403-a5bf-cad1d3e81ed0
400537a8-cacf-4873-bc64-5991b860324e,7a4a808d-95e6-4fcb-b93b-7b427b68b8b3,9b533ac3-7a26-4904-a64c-127d029933a7
7bcbe0b3-4f77-4a27-9b13-002c84357d54,7a4a808d-95e6-4fcb-b93b-7b427b68b8b3,afa91ff2-996d-447e-ba0c-fbeb26bba630
0284a6cb-5b94-421a-86c0-6fdfee5f6de7,7a4a808d-95e6-4fcb-b93b-7b427b68b8b3,76eb15f7-6e5e-4b15-9e6f-48434b1cab44
b7077c1e-2942-483b-9331-8361b97039e6,c35c00e5-3a00-442a-b834-268432f7cbeb,4abe3283-6b63-47cd-aff1-3661dfd1f65a
5f96289e-e791-4572-b509-e1294deeb49c,c35c00e5-3a00-442a-b834-268432f7cbeb,389e73be-e6db-4e7d-b55b-a826813ec765
7015b97c-fe63-4ed6-b4b7-9fe457a6dcf7,f4121ae7-c9cd-4963-9fad-06dd9d5448d9,5f2259e7-921d-47fb-9695-2798fe7ef3b1
61cb265e-99da-402c-9738-76fa1911bae0,f4121ae7-c9cd-4963-9fad-06dd9d5448d9,7aed13f7-492c-4acd-83ac-b89f153100dd
d252f5de-aded-4114-8457-68de39000516,f4121ae7-c9cd-4963-9fad-06dd9d5448d9,1e06728f-fcc5-4457-b413-d65752469487
1fbb8de8-deb0-4a76-8e76-08233f841ee6,3c11acb6-df69-4db2-bfb3-b8d40dc0ad58,38a6a2e9-a07c-42b6-82a7-2109191dc6a0
07dfdcac-0bb7-4753-8575-b65bd5038d08,3c11acb6-df69-4db2-bfb3-b8d40dc0ad58,26bab90e-dcaf-466f-9103-2b7b19a6b6cc
99c89248-dd11-4f97-92d1-267ced3ef4d2,3c11acb6-df69-4db2-bfb3-b8d40dc0ad58,388f79e2-15d7-445c-9632-01b770e4d9c2
d8691e1b-e723-4058-9296-eaadb2df1939,3c11acb6-df69-4db2-bfb3-b8d40dc0ad58,efa1d7b2-b5d3-453e-85e6-a0a22b65cde4
8f031f0b-7215-4c4b-84b2-5c9e519283fa,3c11acb6-df69-4db2-bfb3-b8d40dc0ad58,498bc0b5-c693-4063-a4ce-b5e23ce48f58
c953158b-6f21-4f31-91a2-89742615d45d,a6aac3cf-d1d1-42a8-a55c-3da029ecfb7a,a713cc42-3153-42e6-b0e9-34baad5b3290
b95e8011-9921-4cf8-9116-21fd62eba223,a6aac3cf-d1d1-42a8-a55c-3da029ecfb7a,90086932-31ec-49a6-925d-b7da09c13911
fc5755f7-a8cd-4cc3-90ba-bf971441c84c,a6aac3cf-d1d1-42a8-a55c-3da029ecfb7a,a85caf8d-49f9-440d-8147-9357ff25955c
fbb4f3e6-a304-481f-8b32-5ea5335d4f9f,a6aac3cf-d1d1-42a8-a55c-3da029ecfb7a,389e73be-e6db-4e7d-b55b-a826813ec765
552cf6ab-f6be-4660-8354-c2df94b597b2,a6aac3cf-d1d1-42a8-a55c-3da029ecfb7a,388f79e2-15d7-445c-9632-01b770e4d9c2
8ee7ab29-ad3a-499b-bc27-8a164ccf280a,da35a768-42b2-43f8-a869-c340c19d195a,389e73be-e6db-4e7d-b55b-a826813ec765
c20ad733-51b6-4039-a39f-b29b222df9ec,da35a768-42b2-43f8-a869-c340c19d195a,9124a078-66c7-4231-ab1e-8c448ebc12b6
922a0ba9-4524-4a62-a352-5cfa8a890bdf,d8a7eb3c-b5b9-4a45-9f70-a50966f1c4be,380426ac-5a54-44a3-b990-3347446f4435
1f059f34-7416-4457-aaf5-f0676c7abdda,d8a7eb3c-b5b9-4a45-9f70-a50966f1c4be,50ee1837-6f04-40d7-a499-5d58ffa0747d
24b7d846-cf92-4aa2-9c2f-c27bbacabd2f,97feb21c-fd01-4a7d-be1c-87ef7348215e,03fafd2f-17f2-447d-9efb-b3562815b2c3
6b6fd669-33f1-4e60-98d0-9a0fde45a3cf,97feb21c-fd01-4a7d-be1c-87ef7348215e,4abe3283-6b63-47cd-aff1-3661dfd1f65a
6a5d32ae-90d1-418a-80cc-3f028758b5e2,97feb21c-fd01-4a7d-be1c-87ef7348215e,380426ac-5a54-44a3-b990-3347446f4435
9be99751-b576-48f3-8ad3-da75e5eae514,97feb21c-fd01-4a7d-be1c-87ef7348215e,388f79e2-15d7-445c-9632-01b770e4d9c2
bd41fb9a-f245-447c-bc16-19635f330fd6,97feb21c-fd01-4a7d-be1c-87ef7348215e,8b3423b3-0ab0-4296-85e0-4ebcd89620f3
0fe6b4e6-1a45-4c04-85fe-30bb6678f549,aa5991d7-f983-408e-a9ee-ac60bc576567,388f79e2-15d7-445c-9632-01b770e4d9c2
ee574bd4-225d-48d1-aab6-f151848eb955,aa5991d7-f983-408e-a9ee-ac60bc576567,fc27267f-6849-4022-a310-2a5925128a65
ca2de703-fa98-45ac-9a30-2f44c20f5439,72d6451f-3ed1-4b05-a01a-e84419ca22ad,388f79e2-15d7-445c-9632-01b770e4d9c2
830b1405-f234-4b04-b337-18acafc62ef3,72d6451f-3ed1-4b05-a01a-e84419ca22ad,efa1d7b2-b5d3-453e-85e6-a0a22b65cde4
90eb95a6-5469-48f4-b2ca-ba53f1dfc1e5,59fa4b0f-c34f-4c5d-9556-bbd2c0f4a6c1,e8b1694b-d50c-4a9d-b4f0-0f382f387494
43bfc584-7954-43cf-9079-7023d569548c,59fa4b0f-c34f-4c5d-9556-bbd2c0f4a6c1,498bc0b5-c693-4063-a4ce-b5e23ce48f58
cdde2a1c-cf2e-4142-bebd-337b6758871e,df3c5796-9673-4c5d-9d75-613190ec4f28,7aed13f7-492c-4acd-83ac-b89f153100dd
328068c8-a5d1-4216-a722-e85e41d3ccce,df3c5796-9673-4c5d-9d75-613190ec4f28,03fafd2f-17f2-447d-9efb-b3562815b2c3
708ffd62-5760-452f-80ba-03267ac83e8e,df3c5796-9673-4c5d-9d75-613190ec4f28,388f79e2-15d7-445c-9632-01b770e4d9c2
4cab1fb7-7d1d-48b5-bda4-60077de6debd,df3c5796-9673-4c5d-9d75-613190ec4f28,9124a078-66c7-4231-ab1e-8c448ebc12b6
c1d63fa4-9676-4f16-8b4e-865d9bf823ed,9bf0cde3-0e19-4273-9142-defa118ee604,9b533ac3-7a26-4904-a64c-127d029933a7
2efffc8a-8941-44db-ad14-517ca6650ede,9bf0cde3-0e19-4273-9142-defa118ee604,4abe3283-6b63-47cd-aff1-3661dfd1f65a
5b189563-6b0e-4f76-9302-a2e8e4b87807,9bf0cde3-0e19-4273-9142-defa118ee604,a713cc42-3153-42e6-b0e9-34baad5b3290
6c32208a-6d01-4d3f-9611-4386a088aa4d,9bf0cde3-0e19-4273-9142-defa118ee604,e8b1694b-d50c-4a9d-b4f0-0f382f387494
e676e917-2f33-4630-b4ec-8d1e959bdcaa,e5df12fe-1b01-4a2c-abdc-fe64adb43316,5f2259e7-921d-47fb-9695-2798fe7ef3b1
b2463c46-6761-4ba8-9038-59438617562d,e5df12fe-1b01-4a2c-abdc-fe64adb43316,76eb15f7-6e5e-4b15-9e6f-48434b1cab44
d1e8c4e3-c8b5-48cf-b076-4f1a7ef39b51,e5df12fe-1b01-4a2c-abdc-fe64adb43316,4abe3283-6b63-47cd-aff1-3661dfd1f65a
3355f483-04f7-4e34-992d-fd3959b4ebe8,e5df12fe-1b01-4a2c-abdc-fe64adb43316,a713cc42-3153-42e6-b0e9-34baad5b3290
b70d3181-e12b-4f34-afb3-d37cc338dae6,e5df12fe-1b01-4a2c-abdc-fe64adb43316,fc27267f-6849-4022-a310-2a5925128a65
a0bc0446-67fe-4991-81af-a6a150707138,488184ab-c77d-408b-bcd3-436c32ac832b,a85caf8d-49f9-440d-8147-9357ff25955c
108566e7-120b-4d3c-8bec-304e792add74,488184ab-c77d-408b-bcd3-436c32ac832b,5f2259e7-921d-47fb-9695-2798fe7ef3b1
329904ae-c0b5-4543-bf39-5c33dcf8fcc2,488184ab-c77d-408b-bcd3-436c32ac832b,e8b1694b-d50c-4a9d-b4f0-0f382f387494
7cd5de45-90fd-4b1b-92d7-754542872bbb,fde71d33-0894-417d-8fb7-8b27ac64d1cb,03fafd2f-17f2-447d-9efb-b3562815b2c3
7b11c416-8445-43a7-990d-12b90c34f18d,fde71d33-0894-417d-8fb7-8b27ac64d1cb,1e06728f-fcc5-4457-b413-d65752469487
38907875-26be-431c-9aaf-d92fc79ad539,fde71d33-0894-417d-8fb7-8b27ac64d1cb,1e230394-eac4-4b3c-8a6b-26ad1e35bbbb
14ddccdf-3a13-4d96-a7a6-31270236e888,fde71d33-0894-417d-8fb7-8b27ac64d1cb,fc27267f-6849-4022-a310-2a5925128a65
86744b24-ea8a-43ba-8859-97b148940d55,fde71d33-0894-417d-8fb7-8b27ac64d1cb,afa91ff2-996d-447e-ba0c-fbeb26bba630
0dce8ce8-1455-4bd9-b133-0b4ae10384c3,7aa54620-5105-4efd-9b10-c992ea9f72ca,170140ee-6a3c-4c5c-bbc3-17dcda3bec91
9bbe1b8a-b97d-4c8a-af17-5d55be8bf8b3,7aa54620-5105-4efd-9b10-c992ea9f72ca,e5256dcd-1308-43f5-a821-a4d50045b0c2
d392c787-3a9c-4110-8c36-34eb167e375f,6627f91e-6ed6-4fda-846d-e5655225ec8d,389e73be-e6db-4e7d-b55b-a826813ec765
7d6fdb7a-e40a-4f55-bd4e-901d66b0397c,6627f91e-6ed6-4fda-846d-e5655225ec8d,380426ac-5a54-44a3-b990-3347446f4435
7606861d-5830-4778-96e6-8a754fb64396,6627f91e-6ed6-4fda-846d-e5655225ec8d,9b533ac3-7a26-4904-a64c-127d029933a7
05fc7ad4-4ca7-43ef-a9c9-02c3e3c5ce1a,6627f91e-6ed6-4fda-846d-e5655225ec8d,9124a078-66c7-4231-ab1e-8c448ebc12b6
84aad0e1-36fd-4eea-919c-0e4803d4fd93,f0c8bdd1-befb-423f-bb53-5448131e2567,8b3423b3-0ab0-4296-85e0-4ebcd89620f3
e6b54289-a5e5-4d03-a523-27ba080d9089,f0c8bdd1-befb-423f-bb53-5448131e2567,03fafd2f-17f2-447d-9efb-b3562815b2c3
683b65e3-3740-4dfc-86cd-1da7edb35e33,f0c8bdd1-befb-423f-bb53-5448131e2567,e8b1694b-d50c-4a9d-b4f0-0f382f387494
bfb27f6d-44d5-4635-a3c0-41abc97ede39,f0c8bdd1-befb-423f-bb53-5448131e2567,4abe3283-6b63-47cd-aff1-3661dfd1f65a
36fb5975-f4f4-439d-9bad-c2746b4e2e4c,f0c8bdd1-befb-423f-bb53-5448131e2567,1e230394-eac4-4b3c-8a6b-26ad1e35bbbb
7fc1150e-19fb-4589-adfd-364449c8def6,fd2f7d95-6534-4735-859b-24a344c9393e,388f79e2-15d7-445c-9632-01b770e4d9c2
00504496-7176-473b-baa8-27659accb4af,fd2f7d95-6534-4735-859b-24a344c9393e,50ee1837-6f04-40d7-a499-5d58ffa0747d
649c6c71-f8a8-4169-8201-37d27b3842de,fd2f7d95-6534-4735-859b-24a344c9393e,e8b1694b-d50c-4a9d-b4f0-0f382f387494
9f889611-5c71-4dc1-9f0f-18993924237a,fd2f7d95-6534-4735-859b-24a344c9393e,03fafd2f-17f2-447d-9efb-b3562815b2c3
dbcec0f3-3fa4-4773-be69-77ac8adcffd1,2eb6aaa6-d3e7-4baf-91fa-28f1d8005847,8b3423b3-0ab0-4296-85e0-4ebcd89620f3
29333143-de32-4ea1-bdff-c086cad0d4a9,2eb6aaa6-d3e7-4baf-91fa-28f1d8005847,271d6569-e42e-4403-a5bf-cad1d3e81ed0
2091404c-b00e-499c-8a58-b47af9edf3c7,2eb6aaa6-d3e7-4baf-91fa-28f1d8005847,fc27267f-6849-4022-a310-2a5925128a65
de0c295c-d4d4-4cef-8f84-dd57a624367d,2eb6aaa6-d3e7-4baf-91fa-28f1d8005847,388f79e2-15d7-445c-9632-01b770e4d9c2
8896cfd1-6209-416f-b203-30277df17aee,b7bcc288-58b4-4f4a-b9d3-637d67015e07,afa91ff2-996d-447e-ba0c-fbeb26bba630
f5be85a8-f0f1-4f93-8dee-d4b67b97faed,b7bcc288-58b4-4f4a-b9d3-637d67015e07,380426ac-5a54-44a3-b990-3347446f4435
42adafc3-ecc5-41ed-95d7-e186555a87d4,b7bcc288-58b4-4f4a-b9d3-637d67015e07,7291c47f-48fb-4be3-80f6-413a4e3c5247
709a343c-f707-4eea-8fab-16b2a0082884,b7bcc288-58b4-4f4a-b9d3-637d67015e07,4e5dc074-af5e-4bb8-8e06-e7e916033bfe
58dffed7-f646-4f99-8a2d-2bd4c8f7e34e,b7bcc288-58b4-4f4a-b9d3-637d67015e07,170140ee-6a3c-4c5c-bbc3-17dcda3bec91
25a2bcbb-7c7e-4547-b5ba-7e5247ff9f00,294ff8f7-1ff2-4564-bfeb-30433e94cff4,76eb15f7-6e5e-4b15-9e6f-48434b1cab44
2e781643-a7ce-4d25-9559-951fb569cbc1,294ff8f7-1ff2-4564-bfeb-30433e94cff4,5f2259e7-921d-47fb-9695-2798fe7ef3b1
c70d5e03-5c17-4f64-b391-84f8085b285e,294ff8f7-1ff2-4564-bfeb-30433e94cff4,388f79e2-15d7-445c-9632-01b770e4d9c2
61cc288a-1269-4a8c-92ab-5d3764f504e7,9533ec3c-635f-456b-89a7-dc1f047e1f2c,fc27267f-6849-4022-a310-2a5925128a65
f3635ffa-afd7-4618-84cc-80c7bf227e0c,9533ec3c-635f-456b-89a7-dc1f047e1f2c,a85caf8d-49f9-440d-8147-9357ff25955c
8ee3227e-b3ae-4f89-8888-4e3e8a7998f8,9533ec3c-635f-456b-89a7-dc1f047e1f2c,7291c47f-48fb-4be3-80f6-413a4e3c5247
95ef7005-ae84-4a38-a2f7-74af3b0ddbcb,9533ec3c-635f-456b-89a7-dc1f047e1f2c,526de5f2-7da4-499b-aa9f-442870595cd3
9a106604-be26-46f7-bb02-c69ba2d842cc,15c6fd9f-9fb6-4e25-8630-e162b285ed2e,526de5f2-7da4-499b-aa9f-442870595cd3
c6e2d776-ec55-450e-abef-753917be9ed0,15c6fd9f-9fb6-4e25-8630-e162b285ed2e,26bab90e-dcaf-466f-9103-2b7b19a6b6cc
5f924443-386c-4087-90ee-cf34bf1a76f3,757da867-17b2-478b-951f-43ab0461fc89,9124a078-66c7-4231-ab1e-8c448ebc12b6
0d307af8-e5e4-4a19-93b7-d0fa34b0497d,757da867-17b2-478b-951f-43ab0461fc89,1e06728f-fcc5-4457-b413-d65752469487
451a321f-a87e-4109-9d3b-c5d56def20f1,757da867-17b2-478b-951f-43ab0461fc89,170140ee-6a3c-4c5c-bbc3-17dcda3bec91
49dc3fc2-561b-4173-9c8d-9c1f009660f0,cec56f87-1f92-48e5-987b-ec91eaee8f2b,a85caf8d-49f9-440d-8147-9357ff25955c
e8d8157d-f126-4f92-82e9-278dd8f452d3,cec56f87-1f92-48e5-987b-ec91eaee8f2b,170140ee-6a3c-4c5c-bbc3-17dcda3bec91
86650a8b-1808-478b-8ba7-067f49afe82b,abf3f0f7-329c-4cb7-bb42-a667afae24b6,1e06728f-fcc5-4457-b413-d65752469487
8aaf61ea-e5c7-4a65-8eaa-a45184c9ce22,abf3f0f7-329c-4cb7-bb42-a667afae24b6,4e5dc074-af5e-4bb8-8e06-e7e916033bfe
10055d71-30bb-4b2e-a229-b96c2798f569,abf3f0f7-329c-4cb7-bb42-a667afae24b6,26bab90e-dcaf-466f-9103-2b7b19a6b6cc
d55a3115-661b-4432-8709-3147728d1464,abf3f0f7-329c-4cb7-bb42-a667afae24b6,5f2259e7-921d-47fb-9695-2798fe7ef3b1
ebb2f298-951e-46a0-9bbb-54c675de546b,73784e18-abe1-4850-aa7b-60c8361abf87,a713cc42-3153-42e6-b0e9-34baad5b3290
50f2808b-e748-4a83-b1c0-573a635a3be6,73784e18-abe1-4850-aa7b-60c8361abf87,5f2259e7-921d-47fb-9695-2798fe7ef3b1
c8438c0e-fbea-4e68-8802-1c25e449d400,73784e18-abe1-4850-aa7b-60c8361abf87,4e5dc074-af5e-4bb8-8e06-e7e916033bfe
a4931836-da10-4c50-b39e-28bcbb5bc6c0,73784e18-abe1-4850-aa7b-60c8361abf87,388f79e2-15d7-445c-9632-01b770e4d9c2
e6ef0264-785c-410f-bc6d-81947e8494e1,73784e18-abe1-4850-aa7b-60c8361abf87,03fafd2f-17f2-447d-9efb-b3562815b2c3
7d30f148-9d28-4de1-b81f-c2c18ab32ecb,1f2592b5-65c5-4856-855a-ac39e37e6cd5,26bab90e-dcaf-466f-9103-2b7b19a6b6cc
69732f8e-6fe1-42eb-af70-ddb58844bf9b,1f2592b5-65c5-4856-855a-ac39e37e6cd5,526de5f2-7da4-499b-aa9f-442870595cd3
bde4bf79-c8e7-42d9-b0cc-54d7ddff9052,1f2592b5-65c5-4856-855a-ac39e37e6cd5,8b3423b3-0ab0-4296-85e0-4ebcd89620f3
4bd8a72f-e646-48d6-a253-73ee4d702943,1f2592b5-65c5-4856-855a-ac39e37e6cd5,4abe3283-6b63-47cd-aff1-3661dfd1f65a
8ef172e1-9f9e-4d8d-bf0e-8b5269020508,da8485cf-230f-4722-a87e-ecb65df26ce4,a85caf8d-49f9-440d-8147-9357ff25955c
785a0f05-ab0f-48d5-9d81-917af13897ac,da8485cf-230f-4722-a87e-ecb65df26ce4,90086932-31ec-49a6-925d-b7da09c13911
1f9702f1-a85a-4cbc-8e8e-50a5646abf46,62b479bb-8b1b-45d5-827c-a2cf9ccce5ca,388f79e2-15d7-445c-9632-01b770e4d9c2
39485797-c810-412b-be3b-99c745602fb4,62b479bb-8b1b-45d5-827c-a2cf9ccce5ca,389e73be-e6db-4e7d-b55b-a826813ec765
c7a4a674-9d2d-42c6-811d-306d151d3ebe,62b479bb-8b1b-45d5-827c-a2cf9ccce5ca,fc27267f-6849-4022-a310-2a5925128a65
bf54d6e9-9a7f-401f-8cc9-a6ba45a628ea,62b479bb-8b1b-45d5-827c-a2cf9ccce5ca,7291c47f-48fb-4be3-80f6-413a4e3c5247
9f074ccc-7d07-4f6c-9817-32dd113063eb,62b479bb-8b1b-45d5-827c-a2cf9ccce5ca,90086932-31ec-49a6-925d-b7da09c13911
7393b66b-0cb0-46f0-a273-a269ca9cc716,dd7f992f-b18d-4c96-81d3-048433f8311c,38a6a2e9-a07c-42b6-82a7-2109191dc6a0
89d2c84e-65aa-4acd-873d-562b5f577d9f,dd7f992f-b18d-4c96-81d3-048433f8311c,7aed13f7-492c-4acd-83ac-b89f153100dd
b59bcd8b-f07d-4f1b-9a0f-9860c9220268,dd7f992f-b18d-4c96-81d3-048433f8311c,50ee1837-6f04-40d7-a499-5d58ffa0747d
4b768c59-6f85-4b85-b297-befac44a74a6,6e04c833-cf5d-4bd0-8f9e-93b17f2f7192,03fafd2f-17f2-447d-9efb-b3562815b2c3
d93b2a13-c79f-4105-8907-420a76325cc4,6e04c833-cf5d-4bd0-8f9e-93b17f2f7192,7aed13f7-492c-4acd-83ac-b89f153100dd
95194c76-438a-4ad9-934c-bbb405e3e2cc,6e04c833-cf5d-4bd0-8f9e-93b17f2f7192,a85caf8d-49f9-440d-8147-9357ff25955c
ecc29c58-17dc-4037-ad80-e47c01567c45,6e04c833-cf5d-4bd0-8f9e-93b17f2f7192,efa1d7b2-b5d3-453e-85e6-a0a22b65cde4
8a1ed9c5-e68a-45f8-9066-21b427c68bcc,6e04c833-cf5d-4bd0-8f9e-93b17f2f7192,e8b1694b-d50c-4a9d-b4f0-0f382f387494
68164d18-c5ed-4ee0-b4a6-179ae2f49608,264b89fe-dc5a-4ac1-a152-70233ffb43f4,388f79e2-15d7-445c-9632-01b770e4d9c2
970a7198-b1f5-4eee-a9b1-988a8d9f3327,264b89fe-dc5a-4ac1-a152-70233ffb43f4,380426ac-5a54-44a3-b990-3347446f4435
559e8144-78ae-426b-a780-c3f030b71c94,264b89fe-dc5a-4ac1-a152-70233ffb43f4,498bc0b5-c693-4063-a4ce-b5e23ce48f58
48e8ef24-72ee-491f-8b26-2c36abaf30e4,264b89fe-dc5a-4ac1-a152-70233ffb43f4,03fafd2f-17f2-447d-9efb-b3562815b2c3
fd3d48ff-538a-4ac8-b12e-ccddfd599c3c,e5a3e7d9-2c4e-4ef6-8e6f-9be54cbafd87,90086932-31ec-49a6-925d-b7da09c13911
b4a4fb39-0b44-4605-a38e-2ace9062f4d4,e5a3e7d9-2c4e-4ef6-8e6f-9be54cbafd87,4e5dc074-af5e-4bb8-8e06-e7e916033bfe
e7e2fd39-2f1c-43e8-a438-865d0932eb4b,e5a3e7d9-2c4e-4ef6-8e6f-9be54cbafd87,388f79e2-15d7-445c-9632-01b770e4d9c2
962720f1-35fd-4bdb-90ac-6fb83a0d059c,d4c104a4-07a4-4210-9809-d3d26bfca000,4e5dc074-af5e-4bb8-8e06-e7e916033bfe
bfd0e605-2930-446e-b7ae-cfd84c7bc209,d4c104a4-07a4-4210-9809-d3d26bfca000,e8b1694b-d50c-4a9d-b4f0-0f382f387494
fb7cb3b8-a2b4-4d57-8c13-eb0428a3c667,d4c104a4-07a4-4210-9809-d3d26bfca000,a85caf8d-49f9-440d-8147-9357ff25955c
a43e2bd4-e467-4ffd-8526-58e84f158830,d4c104a4-07a4-4210-9809-d3d26bfca000,498bc0b5-c693-4063-a4ce-b5e23ce48f58
dbc6303b-2bd5-4879-b557-721f5ce84ceb,b5d2e655-7f80-4f14-b7e5-8d584d94b239,389e73be-e6db-4e7d-b55b-a826813ec765
48aa4e60-c982-4ad9-af85-780f472470fd,b5d2e655-7f80-4f14-b7e5-8d584d94b239,388f79e2-15d7-445c-9632-01b770e4d9c2
2204af95-8231-4724-8fdc-10492c86744c,b5d2e655-7f80-4f14-b7e5-8d584d94b239,380426ac-5a54-44a3-b990-3347446f4435
ec0db6c3-fae8-4269-b63a-166a953bf532,736a07fa-6000-42bb-b7d0-feda0f5d599f,4abe3283-6b63-47cd-aff1-3661dfd1f65a
b2d30075-dc05-4883-a43f-00a3bfecd03a,736a07fa-6000-42bb-b7d0-feda0f5d599f,8b3423b3-0ab0-4296-85e0-4ebcd89620f3
b8380da6-9250-4036-a484-51060809282a,736a07fa-6000-42bb-b7d0-feda0f5d599f,efa1d7b2-b5d3-453e-85e6-a0a22b65cde4
034a7988-43ff-4fd7-af2b-94637bed06aa,736a07fa-6000-42bb-b7d0-feda0f5d599f,271d6569-e42e-4403-a5bf-cad1d3e81ed0
2397e1ea-2d2e-4d75-b9f8-57ebbd464b9b,1f3bdefb-098d-4df7-ae8c-81c5fe8961c7,7291c47f-48fb-4be3-80f6-413a4e3c5247
4a30eb65-3669-4131-af90-701e18b45ab3,1f3bdefb-098d-4df7-ae8c-81c5fe8961c7,a713cc42-3153-42e6-b0e9-34baad5b3290
c657e1f4-db71-4b22-beef-0acc7bd8a69b,bf44c456-de39-4fde-913d-eabde4d0222c,389e73be-e6db-4e7d-b55b-a826813ec765
c751859e-e962-4739-9c54-ba309ba2161b,bf44c456-de39-4fde-913d-eabde4d0222c,380426ac-5a54-44a3-b990-3347446f4435
f7e40e92-02da-4e38-af75-af5a5029bda0,bf44c456-de39-4fde-913d-eabde4d0222c,e5256dcd-1308-43f5-a821-a4d50045b0c2
cfe1ea1a-c728-4d2e-815f-92371eb42ae7,bf44c456-de39-4fde-913d-eabde4d0222c,9124a078-66c7-4231-ab1e-8c448ebc12b6
f888222a-31b5-4eb5-b2e9-d2732f8f5bdc,bf44c456-de39-4fde-913d-eabde4d0222c,271d6569-e42e-4403-a5bf-cad1d3e81ed0
190faba1-7bf1-4e1f-9114-43bb2d8c7fc6,558df7ef-2921-4ad1-80e5-d556f61a1b82,e8b1694b-d50c-4a9d-b4f0-0f382f387494
3da73010-f1a8-4c6a-8032-fe8dd7718739,558df7ef-2921-4ad1-80e5-d556f61a1b82,8b3423b3-0ab0-4296-85e0-4ebcd89620f3
b1199a49-77ef-4052-a533-6c1fc3f365d4,558df7ef-2921-4ad1-80e5-d556f61a1b82,5f2259e7-921d-47fb-9695-2798fe7ef3b1
5f95353f-2225-495c-b60e-5d627ba1876a,558df7ef-2921-4ad1-80e5-d556f61a1b82,4e5dc074-af5e-4bb8-8e06-e7e916033bfe
8c87465a-013e-425e-b88e-8ffad92be776,e064a910-bd8d-4b4f-b6a8-cfc817ca348e,26bab90e-dcaf-466f-9103-2b7b19a6b6cc
afde1171-622e-4b58-ab5c-e6260afdc96f,e064a910-bd8d-4b4f-b6a8-cfc817ca348e,1e06728f-fcc5-4457-b413-d65752469487
9478fab0-4562-40c6-9f62-036ff0be9f33,e064a910-bd8d-4b4f-b6a8-cfc817ca348e,5f2259e7-921d-47fb-9695-2798fe7ef3b1
2e6eb0d5-ca4f-4aa8-8e21-882510e6517b,d3ec5899-1b3e-4c7b-ab23-bb0242b427be,1e230394-eac4-4b3c-8a6b-26ad1e35bbbb
ca2c4318-f04c-4459-91a7-153154ab0657,d3ec5899-1b3e-4c7b-ab23-bb0242b427be,271d6569-e42e-4403-a5bf-cad1d3e81ed0
42ea55a1-c49f-4d19-b308-466380531b54,d3ec5899-1b3e-4c7b-ab23-bb0242b427be,7aed13f7-492c-4acd-83ac-b89f153100dd
70f61913-bfd9-4756-b3b9-62077b459e19,d3ec5899-1b3e-4c7b-ab23-bb0242b427be,50ee1837-6f04-40d7-a499-5d58ffa0747d
96458de3-cf03-49ee-be39-692c72e20947,d3ec5899-1b3e-4c7b-ab23-bb0242b427be,a85caf8d-49f9-440d-8147-9357ff25955c
b588462e-cd52-4292-80cb-c9b5757a7beb,cf9f2280-a1cc-400e-8aa0-4d2a74ac3870,a713cc42-3153-42e6-b0e9-34baad5b3290
afcf800e-ae7c-466c-9944-f66cbc42cb91,cf9f2280-a1cc-400e-8aa0-4d2a74ac3870,afa91ff2-996d-447e-ba0c-fbeb26bba630
08a8795f-6b04-4a17-a3c5-20c54ffa83c8,cf9f2280-a1cc-400e-8aa0-4d2a74ac3870,5f2259e7-921d-47fb-9695-2798fe7ef3b1
a1f5ac0a-3ff0-48dd-a720-675213fa57a6,cf9f2280-a1cc-400e-8aa0-4d2a74ac3870,4e5dc074-af5e-4bb8-8e06-e7e916033bfe
770c5116-2d71-4ba5-8adf-107f5c33e53c,cf9f2280-a1cc-400e-8aa0-4d2a74ac3870,a85caf8d-49f9-440d-8147-9357ff25955c
2818da4e-5b4a-4e71-83a6-c9c23c972de7,af2b0b11-3cd3-41e1-93bc-56f9f9bfbe15,90086932-31ec-49a6-925d-b7da09c13911
21286a24-6805-4955-8112-2a491142601f,af2b0b11-3cd3-41e1-93bc-56f9f9bfbe15,388f79e2-15d7-445c-9632-01b770e4d9c2
15ac4ac7-0bbb-42a0-870f-d751d631ebf7,af2b0b11-3cd3-41e1-93bc-56f9f9bfbe15,5f2259e7-921d-47fb-9695-2798fe7ef3b1
d2afed21-bfc6-4269-9900-c6e7f7df2bda,af2b0b11-3cd3-41e1-93bc-56f9f9bfbe15,a85caf8d-49f9-440d-8147-9357ff25955c
b5f30561-a194-48ed-9694-1764268ccd0b,13da5716-e762-4b5d-8c6f-c02a42f1c614,afa91ff2-996d-447e-ba0c-fbeb26bba630
42992aaf-8069-4f06-a224-52ce84dc096d,13da5716-e762-4b5d-8c6f-c02a42f1c614,1e06728f-fcc5-4457-b413-d65752469487
8671db10-2b10-4875-b4dd-045b3f4d2872,13da5716-e762-4b5d-8c6f-c02a42f1c614,50ee1837-6f04-40d7-a499-5d58ffa0747d
96e05537-da5f-48f4-b5b3-7fb155706f69,13da5716-e762-4b5d-8c6f-c02a42f1c614,a713cc42-3153-42e6-b0e9-34baad5b3290
0c4e5838-6fa8-42e8-be02-9c86b18e2d0b,7ed80b2d-d291-4327-93e8-71eb067516fb,fc27267f-6849-4022-a310-2a5925128a65
1a57dc39-7cae-4ee6-bd6d-7951befc5018,7ed80b2d-d291-4327-93e8-71eb067516fb,388f79e2-15d7-445c-9632-01b770e4d9c2
a4ba5038-eb3a-4a44-9c49-5d9405bc44b2,7ed80b2d-d291-4327-93e8-71eb067516fb,389e73be-e6db-4e7d-b55b-a826813ec765
48470796-cf97-4650-9ecc-ec929c7c8f26,792ed612-a5d9-4093-849d-eec973a8199f,271d6569-e42e-4403-a5bf-cad1d3e81ed0
e37fb167-bff6-41e8-b112-7ee7e4441bce,792ed612-a5d9-4093-849d-eec973a8199f,1e230394-eac4-4b3c-8a6b-26ad1e35bbbb
cf1b8578-f6cf-4c06-9f63-a7ffe354b568,792ed612-a5d9-4093-849d-eec973a8199f,fc27267f-6849-4022-a310-2a5925128a65
a77a94ab-596b-4742-827c-3006684e39cf,2f1b76e7-041c-4081-9601-ae7b78ce4abb,efa1d7b2-b5d3-453e-85e6-a0a22b65cde4
8e8bcdbc-1a50-433a-acc1-df2e27cce5aa,2f1b76e7-041c-4081-9601-ae7b78ce4abb,fc27267f-6849-4022-a310-2a5925128a65
c61ae5dd-a99f-4842-adfb-76baec96c6bf,2f1b76e7-041c-4081-9601-ae7b78ce4abb,76eb15f7-6e5e-4b15-9e6f-48434b1cab44
7d74ac8f-d1ea-4d59-bdfd-0480a98e4b22,befe2333-72c9-4f69-8000-fdfff76eaea0,388f79e2-15d7-445c-9632-01b770e4d9c2
36b71348-8302-4631-ad9a-c7bd320d92eb,befe2333-72c9-4f69-8000-fdfff76eaea0,9124a078-66c7-4231-ab1e-8c448ebc12b6
086f28df-3ee9-4472-9d99-a2fd21b4ba5c,482cae79-89e3-4fa6-8cfe-07ef79dfff3f,4e5dc074-af5e-4bb8-8e06-e7e916033bfe
14c473d9-fb14-4cbf-a978-a1916d0ec496,482cae79-89e3-4fa6-8cfe-07ef79dfff3f,fc27267f-6849-4022-a310-2a5925128a65
6cd728ef-ac35-4a99-886e-9ca529162c0a,482cae79-89e3-4fa6-8cfe-07ef79dfff3f,9124a078-66c7-4231-ab1e-8c448ebc12b6
192b5610-80f2-4ccd-8840-512dd7d4396e,482cae79-89e3-4fa6-8cfe-07ef79dfff3f,7aed13f7-492c-4acd-83ac-b89f153100dd
c5f95379-b6d6-428e-a49f-0a1e27e430b2,fc313297-53cf-4b55-b1cb-174502c55c95,a85caf8d-49f9-440d-8147-9357ff25955c
5c21a9f0-b9df-4a6c-b97b-f02bd061971c,fc313297-53cf-4b55-b1cb-174502c55c95,1e06728f-fcc5-4457-b413-d65752469487
9a9c7992-e40f-41d3-8a4a-fe95c2936852,0778d543-0976-4c12-9536-14edca6ffbe4,5f2259e7-921d-47fb-9695-2798fe7ef3b1
1f99ee16-bd24-4f96-9ad9-787cb5b6ab78,0778d543-0976-4c12-9536-14edca6ffbe4,7291c47f-48fb-4be3-80f6-413a4e3c5247
5570a293-eed2-4631-bccb-09de0a267d9a,0778d543-0976-4c12-9536-14edca6ffbe4,76eb15f7-6e5e-4b15-9e6f-48434b1cab44
b4be2618-91ba-4dbd-883d-4a69972a9254,0778d543-0976-4c12-9536-14edca6ffbe4,389e73be-e6db-4e7d-b55b-a826813ec765
aea18c07-fc07-476f-b54a-c158913dc8f5,0778d543-0976-4c12-9536-14edca6ffbe4,526de5f2-7da4-499b-aa9f-442870595cd3
8f4314e2-3bfb-4ce7-a532-e0707e05c57d,12aa5758-7542-44aa-a4b6-659bc19aeb64,9b533ac3-7a26-4904-a64c-127d029933a7
7dd10eb5-5685-42e1-8ef3-89e403eee0d1,12aa5758-7542-44aa-a4b6-659bc19aeb64,498bc0b5-c693-4063-a4ce-b5e23ce48f58
351079ab-245c-432a-b66a-ce9ca7fad5f5,12aa5758-7542-44aa-a4b6-659bc19aeb64,a85caf8d-49f9-440d-8147-9357ff25955c
6aa9c502-a76a-41e8-bb89-4feec175dc84,12aa5758-7542-44aa-a4b6-659bc19aeb64,7aed13f7-492c-4acd-83ac-b89f153100dd
d8f2cf85-7da4-4490-abd1-236d5bb2d5be,12aa5758-7542-44aa-a4b6-659bc19aeb64,170140ee-6a3c-4c5c-bbc3-17dcda3bec91
e3b7dffe-0254-436e-9e66-ab194d06b2ef,ec4ba17f-fec7-458f-9e1f-d402adadb147,4e5dc074-af5e-4bb8-8e06-e7e916033bfe
e084288f-de8d-4bf2-b873-524995a8fee3,ec4ba17f-fec7-458f-9e1f-d402adadb147,90086932-31ec-49a6-925d-b7da09c13911
17a73efb-6d2c-49e0-98be-8ac580637980,4f06a002-c80c-4857-83f2-b08a7c2dbe4f,7aed13f7-492c-4acd-83ac-b89f153100dd
6ace2702-76e9-404a-9281-bae68b209fe0,4f06a002-c80c-4857-83f2-b08a7c2dbe4f,afa91ff2-996d-447e-ba0c-fbeb26bba630
e6ca734d-7101-46d0-974f-1421d872d1fb,4f06a002-c80c-4857-83f2-b08a7c2dbe4f,9b533ac3-7a26-4904-a64c-127d029933a7
2b2807d2-aa5c-43b5-9422-72b474a4826a,4f06a002-c80c-4857-83f2-b08a7c2dbe4f,e8b1694b-d50c-4a9d-b4f0-0f382f387494
4f9f208c-af67-4093-b447-236dce21efe5,fbf73177-9a70-458b-b60c-1dbf382e8f2c,e8b1694b-d50c-4a9d-b4f0-0f382f387494
f6e8d472-8c0d-4ff8-a3e9-0b0885a11b30,fbf73177-9a70-458b-b60c-1dbf382e8f2c,7aed13f7-492c-4acd-83ac-b89f153100dd
3d1d6636-5995-4318-8a9e-9ef8f3ec14c2,fbf73177-9a70-458b-b60c-1dbf382e8f2c,526de5f2-7da4-499b-aa9f-442870595cd3
69484aa5-dfc8-41b8-a19b-2b00adab8896,6a230dab-3d42-47cd-879e-059bb2e471a0,9b533ac3-7a26-4904-a64c-127d029933a7
3b565127-9f96-4e65-a157-c7eea6c51e74,6a230dab-3d42-47cd-879e-059bb2e471a0,271d6569-e42e-4403-a5bf-cad1d3e81ed0
e64560ff-024b-4423-9240-4c47ecf8485b,ea45b849-6853-44a3-9b53-29921a9383dc,1e06728f-fcc5-4457-b413-d65752469487
0e7152d9-32fd-4480-97ce-63df305daf0e,ea45b849-6853-44a3-9b53-29921a9383dc,a713cc42-3153-42e6-b0e9-34baad5b3290
c16f3e5b-bea5-4525-9ad7-08199a7f2de4,ea45b849-6853-44a3-9b53-29921a9383dc,170140ee-6a3c-4c5c-bbc3-17dcda3bec91
ac2e6886-6e6d-489c-8428-7c2680497ae9,6a53173b-35c5-43fd-885b-3609e467b21e,388f79e2-15d7-445c-9632-01b770e4d9c2
40567e09-96a4-4908-bece-4236d881d3df,6a53173b-35c5-43fd-885b-3609e467b21e,389e73be-e6db-4e7d-b55b-a826813ec765
0ca6b4cc-94aa-49df-acb1-3ecde6ba9356,6a53173b-35c5-43fd-885b-3609e467b21e,afa91ff2-996d-447e-ba0c-fbeb26bba630
86bc4ba8-772f-4554-af37-d57f9a7b4003,46b88e68-85f9-42a1-897d-f0dd6cb190e3,50ee1837-6f04-40d7-a499-5d58ffa0747d
814c1232-9c31-4ae2-83ed-9fe4b61b6d90,46b88e68-85f9-42a1-897d-f0dd6cb190e3,a85caf8d-49f9-440d-8147-9357ff25955c
a8fbff03-2f0e-4287-b81d-e88824c1f60d,46b88e68-85f9-42a1-897d-f0dd6cb190e3,8b3423b3-0ab0-4296-85e0-4ebcd89620f3
dc9364b5-bad0-4c3f-99cc-6f0337ddae2c,46b88e68-85f9-42a1-897d-f0dd6cb190e3,1e230394-eac4-4b3c-8a6b-26ad1e35bbbb
b9bd03d1-0517-4892-be6e-e98eed15f543,f626ca99-fbab-4e06-b125-926288989783,7aed13f7-492c-4acd-83ac-b89f153100dd
26611f4f-b2b4-45c9-b976-d66cc88cb0e4,f626ca99-fbab-4e06-b125-926288989783,4abe3283-6b63-47cd-aff1-3661dfd1f65a
8000dc9e-cbf3-47fb-b6dd-1e827e948f4a,f626ca99-fbab-4e06-b125-926288989783,1e06728f-fcc5-4457-b413-d65752469487
0387228a-1bbb-4f5e-8cf7-3833cd0eee31,f626ca99-fbab-4e06-b125-926288989783,26bab90e-dcaf-466f-9103-2b7b19a6b6cc
646efa2d-7309-4fe2-af48-0d09fd645bbd,2a7ac985-b35f-49ab-aa94-5559ff772390,389e73be-e6db-4e7d-b55b-a826813ec765
61b12cd7-1bec-4431-8d9a-2c31ba6642aa,2a7ac985-b35f-49ab-aa94-5559ff772390,4abe3283-6b63-47cd-aff1-3661dfd1f65a
7f29a8ad-151c-49b0-a680-08afa7702c2e,c78dd7e4-7829-47ce-a1b3-80d6675e909a,498bc0b5-c693-4063-a4ce-b5e23ce48f58
d4946dad-26f4-4558-a089-c31bce14693a,c78dd7e4-7829-47ce-a1b3-80d6675e909a,7aed13f7-492c-4acd-83ac-b89f153100dd
58f22afc-bb9b-4371-b356-b3aa963e3e84,c78dd7e4-7829-47ce-a1b3-80d6675e909a,a713cc42-3153-42e6-b0e9-34baad5b3290
7b449500-a9c3-4c47-ad59-9e9f9fa79bbe,5a70f945-7d79-47ff-a9bc-714b5fa5759d,9b533ac3-7a26-4904-a64c-127d029933a7
bc2beda0-81ee-48d0-a52f-4e10e6a52220,5a70f945-7d79-47ff-a9bc-714b5fa5759d,e5256dcd-1308-43f5-a821-a4d50045b0c2
848461e4-bd6f-4219-b79a-fe8ac0cf7796,5a70f945-7d79-47ff-a9bc-714b5fa5759d,498bc0b5-c693-4063-a4ce-b5e23ce48f58
c4f9c711-882c-493a-9532-a2434c5e65e9,5a70f945-7d79-47ff-a9bc-714b5fa5759d,03fafd2f-17f2-447d-9efb-b3562815b2c3
97509f63-73fd-4d09-8b02-32d22548af13,c389027a-a2c1-439f-9fa3-451abd0b6815,a85caf8d-49f9-440d-8147-9357ff25955c
a1ee0cec-353d-4f6d-89ed-7733edf217b2,c389027a-a2c1-439f-9fa3-451abd0b6815,03fafd2f-17f2-447d-9efb-b3562815b2c3
6a5d6813-98df-4705-b99b-abcb32abef56,d3105ea6-d58f-40fe-901c-fe26855262ec,4abe3283-6b63-47cd-aff1-3661dfd1f65a
90238764-f62a-41df-980f-9a3bc791d655,d3105ea6-d58f-40fe-901c-fe26855262ec,1e230394-eac4-4b3c-8a6b-26ad1e35bbbb
c38a07c3-c8b3-44e7-ba66-424457ea803e,d3105ea6-d58f-40fe-901c-fe26855262ec,e8b1694b-d50c-4a9d-b4f0-0f382f387494
e1e9df99-dd93-4c0c-ae4c-7bd454d205b9,d3105ea6-d58f-40fe-901c-fe26855262ec,498bc0b5-c693-4063-a4ce-b5e23ce48f58
9558fb85-9dd5-45f0-abae-5fb233e37c90,48aaa6f0-b161-4ead-bb3e-fa094cf829b2,26bab90e-dcaf-466f-9103-2b7b19a6b6cc
ec5b8745-ebf3-4306-afb4-9a32ad19fef0,48aaa6f0-b161-4ead-bb3e-fa094cf829b2,4abe3283-6b63-47cd-aff1-3661dfd1f65a
3adecefe-2e97-42d1-b0d5-901c725221db,48aaa6f0-b161-4ead-bb3e-fa094cf829b2,38a6a2e9-a07c-42b6-82a7-2109191dc6a0
27e4f74c-ac28-4aac-ba6e-dfdd52a57e6c,48aaa6f0-b161-4ead-bb3e-fa094cf829b2,76eb15f7-6e5e-4b15-9e6f-48434b1cab44
ee5aff53-05cd-4a75-b858-25b35583b65d,48aaa6f0-b161-4ead-bb3e-fa094cf829b2,afa91ff2-996d-447e-ba0c-fbeb26bba630
bf63b1e0-88e9-4fc1-af1c-274931f5a9ad,e42ce5e0-e344-4486-856c-2a8ca9590db2,4abe3283-6b63-47cd-aff1-3661dfd1f65a
3793badf-c758-40da-a54c-ecd9e7a43661,e42ce5e0-e344-4486-856c-2a8ca9590db2,1e06728f-fcc5-4457-b413-d65752469487
1aecb475-35bd-4b32-8fa0-d98bd81b81cd,e42ce5e0-e344-4486-856c-2a8ca9590db2,76eb15f7-6e5e-4b15-9e6f-48434b1cab44
8b4846f8-3f1c-4b07-95e3-22c938667fbf,e42ce5e0-e344-4486-856c-2a8ca9590db2,efa1d7b2-b5d3-453e-85e6-a0a22b65cde4
1fb0c8bc-c2d5-45fb-884a-2e5dc4223b06,a54f1628-6db2-4558-914e-e51065c13964,1e06728f-fcc5-4457-b413-d65752469487
c0b37d5a-77bb-4560-b405-babc32a16f2d,a54f1628-6db2-4558-914e-e51065c13964,4e5dc074-af5e-4bb8-8e06-e7e916033bfe
dceda0f0-e680-4091-a63d-d2e83430e9ee,a54f1628-6db2-4558-914e-e51065c13964,a85caf8d-49f9-440d-8147-9357ff25955c
13147ab5-f545-4e14-8933-5cd765cb0fe6,a54f1628-6db2-4558-914e-e51065c13964,5f2259e7-921d-47fb-9695-2798fe7ef3b1
494cdf57-35c7-48b8-88ac-075d77899f5e,a54f1628-6db2-4558-914e-e51065c13964,03fafd2f-17f2-447d-9efb-b3562815b2c3
cc073ff9-359e-4560-a0de-6ccad32a5045,29110fde-40f6-4eba-a245-2629e3f20a85,4e5dc074-af5e-4bb8-8e06-e7e916033bfe
d9d2a4e7-4cc9-4907-b86e-d1662ebb7ef5,29110fde-40f6-4eba-a245-2629e3f20a85,526de5f2-7da4-499b-aa9f-442870595cd3
25095a25-8285-4921-9c2a-9dbfd7ecc5e7,29110fde-40f6-4eba-a245-2629e3f20a85,76eb15f7-6e5e-4b15-9e6f-48434b1cab44
