note_id,recruiter_id,candidate_id,application_id,note_text,star_rating,created_at
8458ac47-fe05-402e-9795-ac0012a3fbea,08514437-28c5-4adc-9b2b-1fefb2daa52f,42398576-01e9-42ff-8738-69490c7fad47,6733d036-fa0d-412e-b49f-40bde2c23c1c,Easy official production claim bring.,5,2026-05-17 15:28:17
e0a391f4-1992-42d4-a482-1dbbf3a814b7,f58c1c67-74f5-4da0-9373-6ea420895e14,ca2f6f0c-4c16-4413-8ae1-807e88a21578,e5b97e24-b7f8-43bd-9911-436e789c5435,Relationship wind ball travel then coach.,3,2026-05-17 15:30:17
1b504ce3-2d9c-467e-b6aa-e44e01025de9,6878eedf-e671-4b1a-890f-7df9a419bb81,7b2c402b-31a4-4520-9c27-ec7ad4b0d7a9,7eb7be4c-24b4-40d2-baad-f6d1e71ae3b9,Whose probably him final in then road.,4,2026-05-17 15:28:15
0be1db6f-a176-41b7-b0f2-ab6b50aa588e,08514437-28c5-4adc-9b2b-1fefb2daa52f,fce7cfe5-e278-4d7b-af7e-54aaa7e5f40a,91d686ea-8431-4064-aae7-9054d5caa57a,Sport especially decide security recognize according.,3,2026-05-17 15:28:44
089f9a6a-0835-489c-b211-1dc3afcc1a36,7baddfc6-73f2-46fc-af71-1d953aad7001,8d30e723-0cfb-4643-8129-a17371a64527,12247176-271a-433f-85a4-b6258cb960f0,Best similar individual.,5,2026-05-17 15:30:14
59b587ef-6581-4e00-aa1e-3d86611f01c2,082e636b-d900-4a79-af0b-059a0513e322,200962be-acdd-4774-989f-9693038dc1f9,2060c6e3-7e6c-4dcf-8cb8-d92186707d19,Color hear region cup consider way.,3,2026-05-17 15:30:26
1d32aa73-f701-4fa8-9c61-78617c094446,5d690391-d816-43be-a80c-fdb2d11cb7cb,a473bdba-d0c5-4c98-bf2a-78fa4a8fc4c8,6a44f2d1-3b2b-4db4-9200-fb44138b7852,Cut seek speak court.,1,2026-05-17 15:33:37
d5219521-86fe-47cd-b4de-59f85b3b35b6,f58c1c67-74f5-4da0-9373-6ea420895e14,d3f90615-2718-4e1d-831b-156e4ce6fa77,5fb82f0b-d0f5-4b5f-b392-f1ff4d24e899,Phone person than coach fall help.,3,2026-05-17 15:29:23
4367950b-24ed-488e-90d7-354e32a6560b,7baddfc6-73f2-46fc-af71-1d953aad7001,8e1771ae-a663-4b41-b85a-4fbbaab08c09,9f5c08f0-0bc3-4ff3-94b1-05a0d0d4647d,One long pull.,4,2026-05-17 15:28:20
872372c9-5a0e-44e6-8671-04a4b5a203ed,614c2c73-106f-494d-9def-f117e5b7263e,90a9d186-482c-49a6-b239-b4f579eea7a3,087ab04b-983e-4b34-ad50-3a102d05ba23,Seem account old would best.,5,2026-05-17 15:30:52
b9c1a1e7-ec01-457f-a467-0c9e5f849f9b,d093a843-b2fe-4a2b-ba0b-d6b1b0f0deed,dda0e5f5-c4bf-4700-bf25-4b41a1fbd6da,44810481-5503-4464-aaf7-71ad06f8c7cc,Owner would seven usually list front.,1,2026-05-17 15:30:18
2c9c51dc-10fe-40ba-a309-6528e731611d,7d8e598c-4813-40ea-a971-d03c395fd14c,9c21c4b3-0839-4c0f-ab04-dc9ab3378b33,24869b8a-1804-4180-b42d-1e4ae0f8be9c,Yourself stage wait professor her arm.,5,2026-05-17 15:29:52
3c034ee5-1216-452d-a037-d1874f4638f4,aadcfdd3-e6d8-4559-a34f-124dd8b9a00e,05d82f52-c13d-4578-923e-9c84c141f52a,24093035-5b75-474f-9b2a-ea76a5ddc40b,Able that I structure.,2,2026-05-17 15:33:17
f8604435-602b-482b-a7ff-25c76ad9296b,44d53017-34d5-4e39-9376-5cc020829d18,8d30e723-0cfb-4643-8129-a17371a64527,92ed9894-e614-4f77-afb8-d0758bcbe231,But most week seem eat later rather thank.,4,2026-05-17 15:30:49
7ed9892c-f905-4e57-91e7-571c5ae5cede,5d690391-d816-43be-a80c-fdb2d11cb7cb,a2e936a7-7186-45c8-8868-f4d826eeb864,4c35b4c9-0215-41b9-a06f-ebabff47f70d,Worry whatever spend.,3,2026-05-17 15:27:49
08c146e3-2938-4667-96a5-5bf12faa501c,7baddfc6-73f2-46fc-af71-1d953aad7001,d3f90615-2718-4e1d-831b-156e4ce6fa77,c365274f-1eaf-4076-81dc-df7deb7f5a3a,Wide save question.,1,2026-05-17 15:29:08
b92d6284-7213-4323-9d0d-50545a153836,614c2c73-106f-494d-9def-f117e5b7263e,fe2d46cb-e0b1-44bc-b076-29b0b8e7c211,0991c5c2-ea96-4458-8ebf-26e31e3af042,School soldier give voice walk live.,5,2026-05-17 15:31:41
fe72a9a9-96f6-451b-9e6b-3ef119c8a4e6,f58c1c67-74f5-4da0-9373-6ea420895e14,d3f90615-2718-4e1d-831b-156e4ce6fa77,b58eb780-9fa6-4ff7-ad54-b85d5b5644f7,Family crime century mind occur task.,5,2026-05-17 15:30:45
b0c2b0af-4013-4a40-9412-573c8d953f32,ad4325bd-df4d-4d5e-a657-cd0eca0e12ce,200962be-acdd-4774-989f-9693038dc1f9,f9bd086c-a8cb-4d01-a4b5-40bb26e65780,Someone feeling pull nature themselves collection land.,2,2026-05-17 15:28:25
05255831-b016-482d-8726-e2e73ace88ce,44d53017-34d5-4e39-9376-5cc020829d18,44d1d696-aa73-495f-b7c7-6cb925f14d86,f8da7fbc-9182-405b-b696-e0d2f97ae8e3,During color want record black.,3,2026-05-17 15:33:41
0fe92aae-675d-41a1-aa69-0a099ac1b618,7baddfc6-73f2-46fc-af71-1d953aad7001,8f2529b1-bc32-46af-91a0-7324cd5d38f7,ab6d1cce-2884-45a3-84c5-194b463fe0ae,Upon force himself exactly.,5,2026-05-17 15:32:02
4a8dbd70-0d27-4759-a758-eac50a925dc8,9cc3d003-1517-4681-85a7-7278f5edf773,b72a2958-4393-48e6-8797-ccd937d69d1e,c57e48ae-8def-4463-9742-92d582853e10,Program two plant man.,1,2026-05-17 15:32:30
bc9baae8-34d7-4d41-84e9-3b1f951b18bf,11c8a68c-0a2e-4e42-87af-70119043774d,e988c06d-c9af-462a-aad4-351afdcbd61e,0b33c4cd-1b81-47e1-a047-7491cbb27033,Use short over popular help.,4,2026-05-17 15:32:02
b42d6523-7929-4868-8ff9-c4c04466f25f,6878eedf-e671-4b1a-890f-7df9a419bb81,bf4e210f-643a-4759-ab83-8af17b86f043,03ccbb4e-3f29-4c12-ba9c-c433084a3544,Whom join do else fact born future.,4,2026-05-17 15:31:17
c9123d78-5926-4527-97b9-860cd0c5e614,9cc3d003-1517-4681-85a7-7278f5edf773,d84c9432-37c6-487d-bb86-26c28019af71,502f5906-100a-4966-b448-225b5a4f35d4,Of camera finish herself.,2,2026-05-17 15:32:09
4b2fa536-1d28-4104-8bb1-e6bada9704fa,5d690391-d816-43be-a80c-fdb2d11cb7cb,e8e1c68f-c4a9-495a-89ba-a67a4ab0c32e,bb645399-c13a-412f-ad0e-101c5eae80a0,Operation couple hold interest.,2,2026-05-17 15:32:21
7f5f25cc-4dcb-43dc-bf06-23409ff94ede,ad4325bd-df4d-4d5e-a657-cd0eca0e12ce,06062749-71be-4084-be3c-291cbc099043,14eb709d-3764-4a72-9688-b8c31dae11a7,Professional opportunity blood across system firm staff.,3,2026-05-17 15:29:30
db83baa7-fe6e-464d-96c7-bd212ce95c12,ef1f858b-e079-41cc-8b2b-a1726310e0ac,b89513fb-9038-4fef-9413-3ac2c9770159,e499af84-7ceb-4291-a0fb-b13e64234f78,Quite challenge exist section support still alone.,4,2026-05-17 15:29:39
f371efdf-8032-498b-afb1-a4e1ab7ea7ee,08514437-28c5-4adc-9b2b-1fefb2daa52f,607fcf49-7456-44c6-bb4e-1a3f1429739e,c836597a-e091-4147-b2db-cc52041f6d8f,Event summer off piece.,4,2026-05-17 15:29:01
b76d9eb8-b98f-40a8-bb9f-a4d0b1551f34,5d690391-d816-43be-a80c-fdb2d11cb7cb,ec9e84b7-4380-475f-abe1-19dc237d8838,ef5007da-8957-4101-ad63-7c206367ffc0,Arrive special check respond summer various.,5,2026-05-17 15:29:05
79fa67e4-0739-4123-b486-1ffa8cdc2a49,5d690391-d816-43be-a80c-fdb2d11cb7cb,c55bf5a4-c8ee-49e2-8083-32b06430027a,d370de0d-b28b-498a-a394-4866a745577c,Task road federal spring.,3,2026-05-17 15:33:12
7fd81a86-ca29-4e44-b7ee-3d3c6cb8788a,5d690391-d816-43be-a80c-fdb2d11cb7cb,8b4db567-6b55-4919-a469-a526a882589a,833aff2c-2b99-4e2c-a5e1-3d9f61335bbb,Nature front question.,4,2026-05-17 15:33:40
a81049e0-8b54-46aa-9fab-615393f96d62,7baddfc6-73f2-46fc-af71-1d953aad7001,e918ae65-c7bf-4494-a8d4-4c983a923cf4,2e1dffdc-b019-4032-bb9a-8ee503e4e2c7,Author risk executive type red nature.,4,2026-05-17 15:28:19
f2b06944-9828-4c0a-be82-8ec3d8f2fa18,08514437-28c5-4adc-9b2b-1fefb2daa52f,b89513fb-9038-4fef-9413-3ac2c9770159,c51ae070-cd94-4550-bb08-6e37f0e309f7,Tend approach various fight pressure officer kind lot.,1,2026-05-17 15:33:06
c0d5a0e6-ab59-44d0-bc9f-d1621ad4b5df,edc16c09-5781-40d0-8a7c-329a9f451b7c,7333a73e-5fbe-44b6-96eb-f697c336a3c4,7b7984e6-dba3-4800-83a0-1390ec00b249,Source crime prepare gun task.,3,2026-05-17 15:28:20
893c4ac4-1b14-44d7-866c-cce5b107b11e,d093a843-b2fe-4a2b-ba0b-d6b1b0f0deed,33e2731e-d8db-49e0-a068-e466ae0381fc,87aa8b05-ab64-4705-8512-268bdf0cb6dd,Wear interview success unit benefit wind.,5,2026-05-17 15:28:48
3ee583f1-2100-4114-89ca-9774d0ea0ad4,6878eedf-e671-4b1a-890f-7df9a419bb81,8f2529b1-bc32-46af-91a0-7324cd5d38f7,b7380fca-7ced-4e1f-9c7b-5878912d4f20,Woman practice order wide.,2,2026-05-17 15:31:29
2aec05d6-9193-4a8d-ba5c-d7e4158cbac7,e02399cc-bf52-4329-a6d9-2cb34bb05255,1f95ee40-8255-40d3-aa20-abd311effafb,6d1db85c-983a-4651-8db7-568cc6c0cff7,Alone drive major read west.,5,2026-05-17 15:31:39
ac7e1214-7177-49d5-bffa-7380244afe8c,6878eedf-e671-4b1a-890f-7df9a419bb81,200962be-acdd-4774-989f-9693038dc1f9,71fe33e8-4fe1-4691-a846-f117ee908ee6,Sing ten practice every.,1,2026-05-17 15:31:39
4636a2d9-7996-4569-898c-690ed392e69f,7d8e598c-4813-40ea-a971-d03c395fd14c,25accb22-0a57-4ad6-b6dd-e759cfc1b551,fc655d49-94e7-4e2c-b696-491123f4fec4,Build bar majority.,4,2026-05-17 15:31:44
8a998b88-68d0-43c1-a8ce-a7c8be476e1a,08514437-28c5-4adc-9b2b-1fefb2daa52f,b071b687-6c6d-4983-b0e0-292fd635db95,a3080129-b105-48fd-83fb-1aa8a2f0658e,Age of of event seat.,3,2026-05-17 15:32:29
bd85350c-8e57-4432-8789-edbc102a2c58,614c2c73-106f-494d-9def-f117e5b7263e,dda0e5f5-c4bf-4700-bf25-4b41a1fbd6da,dbada354-894f-4fa0-b98d-32fcd20a5453,Machine popular its number between as.,2,2026-05-17 15:33:11
35e445f2-1e63-496c-bf27-c40a55f08052,614c2c73-106f-494d-9def-f117e5b7263e,33e2731e-d8db-49e0-a068-e466ae0381fc,71afa508-626c-4c80-adad-f1b6511cbd29,If red hour stage.,4,2026-05-17 15:32:26
3ab419d1-fbaf-42a9-9f02-3aa639095e02,aadcfdd3-e6d8-4559-a34f-124dd8b9a00e,06062749-71be-4084-be3c-291cbc099043,ea52a515-dd3a-4522-8f67-dd0b56389843,Ask student much standard prepare send debate.,3,2026-05-17 15:31:41
52dcd46e-6b07-4d48-af36-784ae6f5f391,44d53017-34d5-4e39-9376-5cc020829d18,80e20a68-1053-46a0-b7cd-302fc90ad627,02364fe6-1377-4758-bd02-630848eb2b45,Television receive accept language.,1,2026-05-17 15:29:37
7b13abee-c9e9-4982-8a2e-a80a7523cb57,78eb93d0-dcd1-4c51-80a1-6088fd695d8a,607fcf49-7456-44c6-bb4e-1a3f1429739e,ee457a93-59f3-4003-a3fe-adee1b70ad88,Offer present because either.,1,2026-05-17 15:32:15
c931125a-f8fa-42d1-a2a3-e93c226032ab,8675a86a-a9e5-4d4c-b833-6e7d57502ca0,b72a2958-4393-48e6-8797-ccd937d69d1e,df371e31-40ae-45ce-ba51-4f512008f9b7,Media hair name institution.,3,2026-05-17 15:33:24
d125dc3e-d4ff-4da6-af41-864c324670ef,d093a843-b2fe-4a2b-ba0b-d6b1b0f0deed,52a7087b-14d4-43a4-8c99-ab52b7fbd8b9,13a20119-91fb-45e1-9f5a-364e15e71f1b,Feel watch mind situation process.,4,2026-05-17 15:30:24
70096cb4-a792-41db-aeb9-304741c7f9c3,e02399cc-bf52-4329-a6d9-2cb34bb05255,42398576-01e9-42ff-8738-69490c7fad47,e198e157-a3b3-4d4e-9d36-31d8abd0544c,Reason mission worry goal Mrs decide between.,5,2026-05-17 15:32:39
58972065-eb33-466a-8864-92067ce9c234,aadcfdd3-e6d8-4559-a34f-124dd8b9a00e,1112fa14-8b0d-4294-97e7-78b8faa275e7,4fa71fc3-664f-4d97-bcd2-0c65bacde81a,Could feel strategy.,1,2026-05-17 15:33:28
69adcd40-495b-4018-8977-8025428d3de6,7d8e598c-4813-40ea-a971-d03c395fd14c,fe2d46cb-e0b1-44bc-b076-29b0b8e7c211,a8371860-81dc-4f95-b509-53660782627a,Democratic grow campaign performance avoid effort high.,3,2026-05-17 15:33:09
0ce2d20b-cfe4-4df4-88cb-fbd14ea17823,11c8a68c-0a2e-4e42-87af-70119043774d,b89513fb-9038-4fef-9413-3ac2c9770159,35bd054d-8bfe-46d7-bdda-cb3727f25616,Bar effect international reason movie audience run.,5,2026-05-17 15:33:42
b48d4dd2-5b9d-4589-b352-cf9763f3aa34,614c2c73-106f-494d-9def-f117e5b7263e,0758fcef-5943-423a-8a79-6e2d6ebb8fca,d6ce6fc7-1d1a-405f-8c3f-17f50dda2ca1,Nor positive memory clearly start first.,3,2026-05-17 15:32:27
6ded6d78-8dfb-4d76-8335-681b26d6ab19,614c2c73-106f-494d-9def-f117e5b7263e,44d1d696-aa73-495f-b7c7-6cb925f14d86,161294fe-480c-43d2-95fa-f0ae144ee124,Who easy establish.,3,2026-05-17 15:30:55
b07304ec-979f-478f-91cd-dd1a41fd8e22,08514437-28c5-4adc-9b2b-1fefb2daa52f,8e1771ae-a663-4b41-b85a-4fbbaab08c09,6714f4dd-8f94-4994-8875-088ca7ec70b3,At policy guy four event than.,5,2026-05-17 15:29:05
128c822b-2c73-4841-a8fb-06f353f44b49,8675a86a-a9e5-4d4c-b833-6e7d57502ca0,c55bf5a4-c8ee-49e2-8083-32b06430027a,974e9905-6916-4ec2-9de2-a9bfeafa428d,Help why her bit.,5,2026-05-17 15:33:17
791f64a9-1db2-4877-a09f-ca123c29d150,7baddfc6-73f2-46fc-af71-1d953aad7001,ca2f6f0c-4c16-4413-8ae1-807e88a21578,41b878a5-5bb8-4f23-8ffb-b605d697bfee,Rock fill start majority more red tend.,3,2026-05-17 15:31:02
08057b78-8b25-469e-867e-b7160b2d2b39,7baddfc6-73f2-46fc-af71-1d953aad7001,793d8c87-5653-483a-95ab-4b8e97f8a35b,0fc15e57-4bc3-44c4-a2d6-5364443b36c1,To color water hope.,5,2026-05-17 15:29:48
f5cd00fd-f52e-45d5-8bee-2a3005601d8e,ef1f858b-e079-41cc-8b2b-a1726310e0ac,b72a2958-4393-48e6-8797-ccd937d69d1e,bd562029-1613-4887-a077-caeeb99f5ed1,Organization support local camera act message choice.,3,2026-05-17 15:28:29
7d04dd1e-bb24-41dc-aadb-fe33547599a5,6878eedf-e671-4b1a-890f-7df9a419bb81,835d6d27-05e7-4e0e-9474-455337d95b16,6779a6b5-1fb8-40a5-a56e-9603624a6566,Save apply rise window religious eat participant.,2,2026-05-17 15:31:58
