saved_id,user_id,job_id,saved_at
7783a288-44d9-451c-99b5-aba584ae77ba,bf4e210f-643a-4759-ab83-8af17b86f043,558df7ef-2921-4ad1-80e5-d556f61a1b82,2025-11-13 17:40:39
072f2534-4ba3-4a2a-9e05-9408698a60fe,0758fcef-5943-423a-8a79-6e2d6ebb8fca,3c11acb6-df69-4db2-bfb3-b8d40dc0ad58,2025-08-11 03:17:30
57b9a374-52b6-4d0b-931b-71472a0a874e,a2e936a7-7186-45c8-8868-f4d826eeb864,e064a910-bd8d-4b4f-b6a8-cfc817ca348e,2025-12-06 18:50:41
a0352a9c-9956-409e-9c4f-17ada4abb812,a2e936a7-7186-45c8-8868-f4d826eeb864,488184ab-c77d-408b-bcd3-436c32ac832b,2026-05-17 09:05:10
c33810c1-3201-4d46-8550-4fff37e3302b,a2e936a7-7186-45c8-8868-f4d826eeb864,48aaa6f0-b161-4ead-bb3e-fa094cf829b2,2025-09-25 10:50:26
585f86f2-d80f-4486-afc1-4412c80b4089,a2e936a7-7186-45c8-8868-f4d826eeb864,d3105ea6-d58f-40fe-901c-fe26855262ec,2025-08-20 15:58:57
e9a2c2d7-3b9d-40b4-a27e-fa102e784586,e55d2630-e29c-44bc-8b64-956bd7a1b971,a54f1628-6db2-4558-914e-e51065c13964,2026-01-19 15:35:21
464d00ab-343f-4eda-884b-6b5ed029459b,e55d2630-e29c-44bc-8b64-956bd7a1b971,b5d2e655-7f80-4f14-b7e5-8d584d94b239,2025-07-20 05:18:36
41c5309e-9559-42e6-8206-420f19460b66,e55d2630-e29c-44bc-8b64-956bd7a1b971,62b479bb-8b1b-45d5-827c-a2cf9ccce5ca,2026-03-27 07:38:13
b104b0c2-dcbe-4a04-b24c-8fd005cc0072,e55d2630-e29c-44bc-8b64-956bd7a1b971,264b89fe-dc5a-4ac1-a152-70233ffb43f4,2025-11-17 07:10:38
a1fa14e8-1501-4b72-9ea1-8d3f27dac4d4,1f95ee40-8255-40d3-aa20-abd311effafb,6a53173b-35c5-43fd-885b-3609e467b21e,2026-03-08 02:09:13
3200cc49-2b01-4eac-8e75-5c60045c9593,1f95ee40-8255-40d3-aa20-abd311effafb,f4121ae7-c9cd-4963-9fad-06dd9d5448d9,2025-09-17 18:18:14
efb5c0b1-0e4b-474d-a89e-94b3b0e26fb5,dda0e5f5-c4bf-4700-bf25-4b41a1fbd6da,c78dd7e4-7829-47ce-a1b3-80d6675e909a,2025-06-28 00:49:46
a5cd16e8-1b80-4ecf-9caa-6664bb56cbf9,dda0e5f5-c4bf-4700-bf25-4b41a1fbd6da,aa5991d7-f983-408e-a9ee-ac60bc576567,2025-08-08 04:54:52
ee4a6b25-426c-4455-9e57-9223cc56aef2,dda0e5f5-c4bf-4700-bf25-4b41a1fbd6da,3c11acb6-df69-4db2-bfb3-b8d40dc0ad58,2025-12-08 15:59:48
84855540-0835-4d78-8bec-9c50b857a522,dda0e5f5-c4bf-4700-bf25-4b41a1fbd6da,482cae79-89e3-4fa6-8cfe-07ef79dfff3f,2025-11-11 01:09:49
b8da2ab0-c34c-4dc8-b434-72d0c3bdd4b1,ae78ff3d-f828-4ce3-aa58-7efc285cc5e7,befe2333-72c9-4f69-8000-fdfff76eaea0,2026-05-15 08:00:43
eef78caa-742b-4fc7-a10e-5a201b4ccb52,4dff8b74-8f48-4ee5-a0d5-d025de6581df,482cae79-89e3-4fa6-8cfe-07ef79dfff3f,2026-02-28 01:55:22
3c1c11f3-a97b-4325-ab18-95522855930d,4dff8b74-8f48-4ee5-a0d5-d025de6581df,fc313297-53cf-4b55-b1cb-174502c55c95,2026-02-22 09:56:57
20c00f53-ab63-4190-b69e-0a2a06886a8c,4dff8b74-8f48-4ee5-a0d5-d025de6581df,b7bcc288-58b4-4f4a-b9d3-637d67015e07,2026-02-22 16:16:09
bb6279f5-79b9-4ce9-b96f-45c18859e108,65c670c6-2728-485b-877c-9769a8f95ce9,59fa4b0f-c34f-4c5d-9556-bbd2c0f4a6c1,2025-12-06 20:31:35
36258b7d-ddcd-4946-97a3-72ac68ba211a,65c670c6-2728-485b-877c-9769a8f95ce9,a54f1628-6db2-4558-914e-e51065c13964,2026-04-09 18:42:29
db440100-4e12-4778-bfbe-c7f2adb01921,9c21c4b3-0839-4c0f-ab04-dc9ab3378b33,736a07fa-6000-42bb-b7d0-feda0f5d599f,2026-03-25 02:34:23
1dc0939a-64ad-4e4a-9922-b73154e01c02,9c21c4b3-0839-4c0f-ab04-dc9ab3378b33,e064a910-bd8d-4b4f-b6a8-cfc817ca348e,2026-04-01 12:24:31
62bd9e46-800e-4e42-8dc5-8151ed1a0304,9c21c4b3-0839-4c0f-ab04-dc9ab3378b33,fde71d33-0894-417d-8fb7-8b27ac64d1cb,2025-12-24 02:51:31
07981cd9-9be4-4b77-97c0-975997039e15,1112fa14-8b0d-4294-97e7-78b8faa275e7,6e04c833-cf5d-4bd0-8f9e-93b17f2f7192,2025-06-24 10:41:10
680daf7b-ffa8-4450-b23d-b156c8cc5949,1112fa14-8b0d-4294-97e7-78b8faa275e7,befe2333-72c9-4f69-8000-fdfff76eaea0,2025-06-04 19:47:23
017fb5f8-4c81-492f-9e52-c67a8a36069f,1112fa14-8b0d-4294-97e7-78b8faa275e7,12aa5758-7542-44aa-a4b6-659bc19aeb64,2026-04-28 00:33:28
28234ecf-6095-48eb-bc52-b59164b1a715,90a9d186-482c-49a6-b239-b4f579eea7a3,7a4a808d-95e6-4fcb-b93b-7b427b68b8b3,2026-03-05 05:31:46
f6b16fbc-3305-460b-8a4c-e8fa866922d8,c0c477b5-07d8-4fb0-bfb1-f1966dbb12af,d8a7eb3c-b5b9-4a45-9f70-a50966f1c4be,2026-05-04 00:08:08
27dbe4d4-559d-46ce-ae5b-fcf55cff1f88,c0c477b5-07d8-4fb0-bfb1-f1966dbb12af,d4c104a4-07a4-4210-9809-d3d26bfca000,2026-02-17 10:39:03
ae778dc6-f529-4e96-b433-8c0be3dc035c,c0c477b5-07d8-4fb0-bfb1-f1966dbb12af,0778d543-0976-4c12-9536-14edca6ffbe4,2026-05-08 09:26:08
297ca965-d7c3-4db8-a08e-fc94c191d0e2,c0c477b5-07d8-4fb0-bfb1-f1966dbb12af,482cae79-89e3-4fa6-8cfe-07ef79dfff3f,2026-02-26 21:34:46
71e9eba7-c4bc-44fe-80f9-1d10223685a6,fe2d46cb-e0b1-44bc-b076-29b0b8e7c211,73784e18-abe1-4850-aa7b-60c8361abf87,2025-12-26 01:53:56
5569e6f8-8661-4d56-b6fc-cba05b1fec2b,fe2d46cb-e0b1-44bc-b076-29b0b8e7c211,d4c104a4-07a4-4210-9809-d3d26bfca000,2026-03-26 22:13:12
f27bf6ac-fa4f-46ef-bcc5-ef60078edb8a,98146436-8ead-46c6-9ea5-772d2205afcf,5a70f945-7d79-47ff-a9bc-714b5fa5759d,2025-06-23 14:45:10
73194c5e-7811-4db5-9ac5-da446361ad80,98146436-8ead-46c6-9ea5-772d2205afcf,aa5991d7-f983-408e-a9ee-ac60bc576567,2025-12-08 20:18:15
360feb12-23c0-4635-8d94-f9fd4bfb66cd,98146436-8ead-46c6-9ea5-772d2205afcf,fbf73177-9a70-458b-b60c-1dbf382e8f2c,2025-11-18 16:43:20
4c92855c-8cc4-4b5d-a333-33ea036f9773,98146436-8ead-46c6-9ea5-772d2205afcf,da35a768-42b2-43f8-a869-c340c19d195a,2025-07-17 10:05:23
9085e176-3c59-4c1a-a41a-97ce2c5f31e6,98146436-8ead-46c6-9ea5-772d2205afcf,d3ec5899-1b3e-4c7b-ab23-bb0242b427be,2025-06-29 12:40:55
56161348-4e63-4825-a93f-b71f04d97ec8,80e20a68-1053-46a0-b7cd-302fc90ad627,6e04c833-cf5d-4bd0-8f9e-93b17f2f7192,2025-07-31 10:10:06
d9e689f8-9b27-4641-937a-eb37b12ca8ca,33e2731e-d8db-49e0-a068-e466ae0381fc,c35c00e5-3a00-442a-b834-268432f7cbeb,2025-09-26 11:50:16
d398ded4-0ad0-4388-8970-f7a248c4aaf6,33e2731e-d8db-49e0-a068-e466ae0381fc,da8485cf-230f-4722-a87e-ecb65df26ce4,2026-02-07 10:20:13
f890dafe-684b-441b-ad6b-8c13d35459f1,33e2731e-d8db-49e0-a068-e466ae0381fc,6a53173b-35c5-43fd-885b-3609e467b21e,2026-01-31 01:23:32
0e69473b-fdc9-4ec0-9875-6519de13628b,33e2731e-d8db-49e0-a068-e466ae0381fc,482cae79-89e3-4fa6-8cfe-07ef79dfff3f,2026-02-19 17:00:06
016fa898-3854-4539-b6c4-2fda8e26c50f,33e2731e-d8db-49e0-a068-e466ae0381fc,d3ec5899-1b3e-4c7b-ab23-bb0242b427be,2025-11-15 10:34:41
df29a98d-019f-4735-868a-d9bfe3bae3c7,8f2529b1-bc32-46af-91a0-7324cd5d38f7,cf9f2280-a1cc-400e-8aa0-4d2a74ac3870,2026-03-31 08:19:56
8c0763e9-412d-4364-9dde-f17ac340a044,8f2529b1-bc32-46af-91a0-7324cd5d38f7,294ff8f7-1ff2-4564-bfeb-30433e94cff4,2025-07-12 18:19:17
efcfd31b-8a6c-4834-ad7a-c3f66ac2ec10,8f2529b1-bc32-46af-91a0-7324cd5d38f7,29110fde-40f6-4eba-a245-2629e3f20a85,2025-09-27 06:13:57
d1ee553f-a34a-46ec-a531-0911f73595f1,8f2529b1-bc32-46af-91a0-7324cd5d38f7,9533ec3c-635f-456b-89a7-dc1f047e1f2c,2026-03-12 14:22:08
05e36d7b-c577-46b2-bd90-1bde5182ad4a,8f2529b1-bc32-46af-91a0-7324cd5d38f7,f626ca99-fbab-4e06-b125-926288989783,2025-07-01 07:50:44
9270932f-1e33-4cd0-a968-74a9975a48cb,30f4deb0-fa2d-446b-9f07-e23145a00df2,0778d543-0976-4c12-9536-14edca6ffbe4,2025-07-30 03:31:27
90153262-8d1c-4426-a8a1-2569d785cde0,30f4deb0-fa2d-446b-9f07-e23145a00df2,558df7ef-2921-4ad1-80e5-d556f61a1b82,2026-05-06 13:24:16
d064c91f-4c7e-44ba-a9ad-77eb7aec6bff,7b2c402b-31a4-4520-9c27-ec7ad4b0d7a9,e5a3e7d9-2c4e-4ef6-8e6f-9be54cbafd87,2026-02-22 08:35:38
83c73576-0195-4bd1-9eca-c7501a385c4b,ec9e84b7-4380-475f-abe1-19dc237d8838,d3105ea6-d58f-40fe-901c-fe26855262ec,2025-05-19 19:32:50
ed16ea2c-dccd-40d3-aed2-b56603728cd4,ec9e84b7-4380-475f-abe1-19dc237d8838,7ed80b2d-d291-4327-93e8-71eb067516fb,2026-03-18 07:34:33
efb56bf5-2d3f-486d-b001-6d120e5bf95c,a473bdba-d0c5-4c98-bf2a-78fa4a8fc4c8,c78dd7e4-7829-47ce-a1b3-80d6675e909a,2025-11-06 09:49:16
69ef81fd-c4db-4d88-8722-1c213aada04a,a473bdba-d0c5-4c98-bf2a-78fa4a8fc4c8,e5a3e7d9-2c4e-4ef6-8e6f-9be54cbafd87,2025-08-30 03:27:23
4d209d47-4cf1-4bf7-82a2-90ec3716f477,a473bdba-d0c5-4c98-bf2a-78fa4a8fc4c8,46b88e68-85f9-42a1-897d-f0dd6cb190e3,2025-07-18 23:02:31
c1aae58b-b789-4856-9d67-5517cd987d51,a473bdba-d0c5-4c98-bf2a-78fa4a8fc4c8,294ff8f7-1ff2-4564-bfeb-30433e94cff4,2025-08-22 13:37:52
521ce511-2e5a-4674-a5e9-c5bd7cb8d6d1,5f86de62-8dbf-409f-a992-49fa1cdf5e5c,c35c00e5-3a00-442a-b834-268432f7cbeb,2026-02-02 15:04:17
bd413151-7ed5-4080-a1c4-0e8abc5985ee,5f86de62-8dbf-409f-a992-49fa1cdf5e5c,5a70f945-7d79-47ff-a9bc-714b5fa5759d,2025-10-15 23:40:05
00c079ef-f11e-4330-9955-29c02f7e3ba7,793d8c87-5653-483a-95ab-4b8e97f8a35b,d8a7eb3c-b5b9-4a45-9f70-a50966f1c4be,2026-01-02 07:19:32
39f3b554-a9d3-43a6-b571-4ecc352ae5f8,793d8c87-5653-483a-95ab-4b8e97f8a35b,d3105ea6-d58f-40fe-901c-fe26855262ec,2025-08-15 01:22:09
05699af3-b632-4547-bbf0-597a98415e5b,793d8c87-5653-483a-95ab-4b8e97f8a35b,48aaa6f0-b161-4ead-bb3e-fa094cf829b2,2026-02-16 12:13:39
aef04885-fd8f-4796-b35e-24d48222b527,793d8c87-5653-483a-95ab-4b8e97f8a35b,482cae79-89e3-4fa6-8cfe-07ef79dfff3f,2025-11-26 20:35:21
bec0c569-f84d-4846-ab24-265bb1b8555c,2d97ddae-92ab-4e58-a330-839180ad095d,2a7ac985-b35f-49ab-aa94-5559ff772390,2026-02-28 22:20:47
c4528624-a0dd-41e5-a716-165393c9a51b,2d97ddae-92ab-4e58-a330-839180ad095d,a6aac3cf-d1d1-42a8-a55c-3da029ecfb7a,2025-07-06 19:25:38
a5c91a37-444c-4505-9d0e-f8fa4f1857ab,2d97ddae-92ab-4e58-a330-839180ad095d,792ed612-a5d9-4093-849d-eec973a8199f,2025-10-21 00:45:37
5d1663c0-ace9-4560-9f27-3db741ee524c,b72a2958-4393-48e6-8797-ccd937d69d1e,62b479bb-8b1b-45d5-827c-a2cf9ccce5ca,2026-04-17 16:56:44
9962214c-5388-4359-8bc3-6cab21e620f4,b72a2958-4393-48e6-8797-ccd937d69d1e,d3ec5899-1b3e-4c7b-ab23-bb0242b427be,2026-04-10 10:01:36
54768beb-d6f7-4463-9d69-d75ad110b071,52a7087b-14d4-43a4-8c99-ab52b7fbd8b9,48aaa6f0-b161-4ead-bb3e-fa094cf829b2,2026-04-30 01:24:28
5ac5594e-7939-439b-8ccc-bf527d8517a6,fce7cfe5-e278-4d7b-af7e-54aaa7e5f40a,48aaa6f0-b161-4ead-bb3e-fa094cf829b2,2025-11-21 22:17:44
35a5e474-3788-4586-8d86-c5830192e6db,b071b687-6c6d-4983-b0e0-292fd635db95,6e04c833-cf5d-4bd0-8f9e-93b17f2f7192,2026-01-21 13:47:30
ff095787-b365-465e-b222-8979f5992de3,b071b687-6c6d-4983-b0e0-292fd635db95,ec4ba17f-fec7-458f-9e1f-d402adadb147,2026-04-27 02:24:10
5bec7a46-6c1d-4d14-b7ff-2a5b104d7f27,b071b687-6c6d-4983-b0e0-292fd635db95,d7cb383c-4313-40a1-9ed9-e75190020f51,2025-10-26 01:20:26
444281b1-90b1-4847-ae00-33e391ebbc43,b071b687-6c6d-4983-b0e0-292fd635db95,3c11acb6-df69-4db2-bfb3-b8d40dc0ad58,2026-02-22 16:46:06
b8061f24-1053-4ece-b965-fb0910047827,8b4db567-6b55-4919-a469-a526a882589a,72d6451f-3ed1-4b05-a01a-e84419ca22ad,2026-02-03 12:20:13
f5d51bbb-2352-4cd0-acf0-fc62073bc097,8b4db567-6b55-4919-a469-a526a882589a,c389027a-a2c1-439f-9fa3-451abd0b6815,2025-11-22 08:45:24
191b1f07-87eb-4cbb-8dea-d73417f1993d,8d30e723-0cfb-4643-8129-a17371a64527,59fa4b0f-c34f-4c5d-9556-bbd2c0f4a6c1,2025-06-11 19:44:03
8b0138f7-653f-4f61-b90f-57dbb916ee63,42398576-01e9-42ff-8738-69490c7fad47,2f1b76e7-041c-4081-9601-ae7b78ce4abb,2025-09-17 23:17:26
adbaf8b7-e7e2-45cc-8c66-dfd61216d9f8,42398576-01e9-42ff-8738-69490c7fad47,6a53173b-35c5-43fd-885b-3609e467b21e,2025-10-11 02:34:38
e2025955-a558-462a-97a2-91c7dc2a5772,05d82f52-c13d-4578-923e-9c84c141f52a,558df7ef-2921-4ad1-80e5-d556f61a1b82,2026-02-23 12:14:07
c9f91c0a-d288-4829-85f3-672d985086d3,05d82f52-c13d-4578-923e-9c84c141f52a,a54f1628-6db2-4558-914e-e51065c13964,2025-10-22 22:46:32
3f33ba23-3a0d-4a49-a308-cb03cdb524da,05d82f52-c13d-4578-923e-9c84c141f52a,5a70f945-7d79-47ff-a9bc-714b5fa5759d,2025-10-08 01:04:47
177192e5-3e8c-4534-927f-4d8091c2117c,e918ae65-c7bf-4494-a8d4-4c983a923cf4,6627f91e-6ed6-4fda-846d-e5655225ec8d,2025-05-30 22:57:25
0974bb8e-7637-479c-b0a5-76c5fada2734,e918ae65-c7bf-4494-a8d4-4c983a923cf4,f0c8bdd1-befb-423f-bb53-5448131e2567,2026-04-19 08:22:52
b2c20cf9-ce9e-4011-8e23-a194391da4cd,e918ae65-c7bf-4494-a8d4-4c983a923cf4,dd7f992f-b18d-4c96-81d3-048433f8311c,2025-07-11 13:00:43
4376ac59-40eb-444d-b0c8-6fe755f37061,e918ae65-c7bf-4494-a8d4-4c983a923cf4,da8485cf-230f-4722-a87e-ecb65df26ce4,2025-12-13 06:13:59
6614fc67-aa47-4e62-8016-d64c40cda5c2,7701e1e9-8626-4baf-a06d-746efdbf99cd,da8485cf-230f-4722-a87e-ecb65df26ce4,2026-05-09 12:22:29
979b2f9e-55d1-4044-bd35-5352bcfc97f3,7701e1e9-8626-4baf-a06d-746efdbf99cd,7ed80b2d-d291-4327-93e8-71eb067516fb,2026-05-10 08:39:34
990ee03f-1f8d-4c83-8621-e831e487534f,7701e1e9-8626-4baf-a06d-746efdbf99cd,d4c104a4-07a4-4210-9809-d3d26bfca000,2026-03-05 06:15:53
d9e3d03f-6752-4b3d-897f-48fd3d1595bd,7701e1e9-8626-4baf-a06d-746efdbf99cd,3c11acb6-df69-4db2-bfb3-b8d40dc0ad58,2026-04-02 06:58:18
693622dc-b6f6-4177-b447-350fcfc31cdc,7701e1e9-8626-4baf-a06d-746efdbf99cd,c389027a-a2c1-439f-9fa3-451abd0b6815,2026-05-07 15:54:59
92f631c1-1e85-4f0c-b8c3-b9e61a32afa6,607fcf49-7456-44c6-bb4e-1a3f1429739e,a54f1628-6db2-4558-914e-e51065c13964,2025-10-17 13:19:54
a36b2dfc-1c78-4d61-9d20-3f5ce29b3c63,b89513fb-9038-4fef-9413-3ac2c9770159,d3ec5899-1b3e-4c7b-ab23-bb0242b427be,2026-04-05 22:21:43
3e20127f-9214-4626-aaab-4ed51dbffc03,b89513fb-9038-4fef-9413-3ac2c9770159,aa5991d7-f983-408e-a9ee-ac60bc576567,2026-01-28 08:45:45
32f382cb-8143-48fe-abd2-6a181d0bf403,b89513fb-9038-4fef-9413-3ac2c9770159,1f2592b5-65c5-4856-855a-ac39e37e6cd5,2026-04-01 11:05:59
4428c6cf-386e-431f-8a03-da79aecbec35,b89513fb-9038-4fef-9413-3ac2c9770159,d7cb383c-4313-40a1-9ed9-e75190020f51,2026-02-04 22:44:43
dfdc3b9a-d73a-4893-bbc8-316419266d2e,b89513fb-9038-4fef-9413-3ac2c9770159,1f3bdefb-098d-4df7-ae8c-81c5fe8961c7,2025-09-08 23:34:45
8091f31a-94b4-4763-b2df-bc8bf9e8834f,e76d848f-664e-478a-a6ae-a24c63e70cd7,ca94948b-2d78-4734-8764-6aba21ece73c,2025-09-20 02:36:10
0468869f-8cdc-487e-9662-9918f8eda03f,e76d848f-664e-478a-a6ae-a24c63e70cd7,3c87b47b-8274-4cb2-9e5d-742e8f5d594d,2026-03-15 11:07:00
d38a1f01-b546-4636-92ba-1edc08c3ad53,e76d848f-664e-478a-a6ae-a24c63e70cd7,2a7ac985-b35f-49ab-aa94-5559ff772390,2026-04-11 04:48:50
4699110a-f858-4087-a63b-338626dea1f7,e76d848f-664e-478a-a6ae-a24c63e70cd7,b5d2e655-7f80-4f14-b7e5-8d584d94b239,2025-12-26 08:25:53
28e84e04-570e-48b1-a887-131acd379507,e76d848f-664e-478a-a6ae-a24c63e70cd7,d8a7eb3c-b5b9-4a45-9f70-a50966f1c4be,2025-07-10 01:09:27
80bfe943-c3f8-4568-8726-b93782ea1c97,e8e1c68f-c4a9-495a-89ba-a67a4ab0c32e,04f13d90-2fa9-445f-900d-53485cfe2cbe,2025-10-11 22:37:35
52fd2334-91ba-444d-b2f7-899dbbdc0ade,e8e1c68f-c4a9-495a-89ba-a67a4ab0c32e,294ff8f7-1ff2-4564-bfeb-30433e94cff4,2026-01-07 13:53:38
4fa547f4-d1f1-4e1c-b06b-1ab1aabe3ed2,e8e1c68f-c4a9-495a-89ba-a67a4ab0c32e,7ed80b2d-d291-4327-93e8-71eb067516fb,2026-04-06 14:06:48
c70f40d4-a9aa-4eb2-b8a4-64064d9dd130,44d1d696-aa73-495f-b7c7-6cb925f14d86,e064a910-bd8d-4b4f-b6a8-cfc817ca348e,2025-12-31 10:47:21
3e50dcb3-d170-4ccf-8b19-bd2bc05931d4,44d1d696-aa73-495f-b7c7-6cb925f14d86,dd7f992f-b18d-4c96-81d3-048433f8311c,2025-12-29 04:41:06
6d25972f-acad-408c-a388-930f2244ce38,44d1d696-aa73-495f-b7c7-6cb925f14d86,bf44c456-de39-4fde-913d-eabde4d0222c,2025-10-25 21:31:43
3bd4c9d4-b054-4c27-b7c8-6135830ea8bf,44d1d696-aa73-495f-b7c7-6cb925f14d86,d3ec5899-1b3e-4c7b-ab23-bb0242b427be,2025-09-20 12:11:10
92576949-4f19-4b08-a5ef-4163fd65af60,44d1d696-aa73-495f-b7c7-6cb925f14d86,7ed80b2d-d291-4327-93e8-71eb067516fb,2026-03-09 22:07:06
