user_skill_id,user_id,skill_id,years_experience
f1b6bf48-6747-4da1-83cc-370a2923cb6c,fe2d46cb-e0b1-44bc-b076-29b0b8e7c211,1e230394-eac4-4b3c-8a6b-26ad1e35bbbb,5
fed221d1-668c-491b-9703-c152b7bfe62f,fe2d46cb-e0b1-44bc-b076-29b0b8e7c211,170140ee-6a3c-4c5c-bbc3-17dcda3bec91,5
71b87041-2c7f-4195-99a2-df86caf896d1,fe2d46cb-e0b1-44bc-b076-29b0b8e7c211,26bab90e-dcaf-466f-9103-2b7b19a6b6cc,6
9fe46789-61a9-4514-b74d-b9296af0c17d,fe2d46cb-e0b1-44bc-b076-29b0b8e7c211,7aed13f7-492c-4acd-83ac-b89f153100dd,2
7b37b736-40e9-44f9-9b99-23ef2ae32c49,fe2d46cb-e0b1-44bc-b076-29b0b8e7c211,afa91ff2-996d-447e-ba0c-fbeb26bba630,5
65aeced7-bc55-42ee-a3be-6055e19f552c,fe2d46cb-e0b1-44bc-b076-29b0b8e7c211,5f2259e7-921d-47fb-9695-2798fe7ef3b1,8
26c9e957-57a8-4ebb-8df1-2e1e726afb40,607fcf49-7456-44c6-bb4e-1a3f1429739e,271d6569-e42e-4403-a5bf-cad1d3e81ed0,3
34276f85-05ed-4d77-8427-77b43eb70046,607fcf49-7456-44c6-bb4e-1a3f1429739e,170140ee-6a3c-4c5c-bbc3-17dcda3bec91,2
8a81652f-c5b0-4207-910a-b435a3dd6518,607fcf49-7456-44c6-bb4e-1a3f1429739e,efa1d7b2-b5d3-453e-85e6-a0a22b65cde4,1
9f97b630-5e59-4694-8932-a4b32cc56f2a,607fcf49-7456-44c6-bb4e-1a3f1429739e,4e5dc074-af5e-4bb8-8e06-e7e916033bfe,0
e416d9b9-e7c7-41d4-96e1-8ef6fea2c1fe,607fcf49-7456-44c6-bb4e-1a3f1429739e,e5256dcd-1308-43f5-a821-a4d50045b0c2,4
c5f4537e-3968-4cc0-8278-b10634b0fa50,607fcf49-7456-44c6-bb4e-1a3f1429739e,8b3423b3-0ab0-4296-85e0-4ebcd89620f3,6
8f014644-13e7-4730-b20a-a5dee8575cf0,607fcf49-7456-44c6-bb4e-1a3f1429739e,9b533ac3-7a26-4904-a64c-127d029933a7,6
a34e059f-9c0f-4307-a81c-47fc96ee2557,f1b5e9f8-50fc-4e60-b822-e1730940bf21,50ee1837-6f04-40d7-a499-5d58ffa0747d,5
bd52228a-df88-4e43-b871-fd8ee36a4447,f1b5e9f8-50fc-4e60-b822-e1730940bf21,afa91ff2-996d-447e-ba0c-fbeb26bba630,5
83fe6858-d45c-4016-aefa-4516c567cfb3,f1b5e9f8-50fc-4e60-b822-e1730940bf21,a713cc42-3153-42e6-b0e9-34baad5b3290,3
b8c8334f-dbe2-4409-a948-006e50fa3c89,f1b5e9f8-50fc-4e60-b822-e1730940bf21,9b533ac3-7a26-4904-a64c-127d029933a7,2
70a299cc-0888-4673-b4dd-a9625290504e,ca2f6f0c-4c16-4413-8ae1-807e88a21578,389e73be-e6db-4e7d-b55b-a826813ec765,1
742657f0-57cd-49c1-a635-63b0ac90b860,ca2f6f0c-4c16-4413-8ae1-807e88a21578,4e5dc074-af5e-4bb8-8e06-e7e916033bfe,6
12e8ca69-7680-4279-a1dc-a6bc00e6fbf9,ca2f6f0c-4c16-4413-8ae1-807e88a21578,76eb15f7-6e5e-4b15-9e6f-48434b1cab44,8
692404fd-79c2-460f-89b3-f4541a664a65,ca2f6f0c-4c16-4413-8ae1-807e88a21578,1e06728f-fcc5-4457-b413-d65752469487,7
5b3e8f3e-e2ef-45d4-950a-0b6389e61fd9,ca2f6f0c-4c16-4413-8ae1-807e88a21578,50ee1837-6f04-40d7-a499-5d58ffa0747d,3
01e97fbb-7579-4be8-bdb6-18acf7942bc6,ca2f6f0c-4c16-4413-8ae1-807e88a21578,38a6a2e9-a07c-42b6-82a7-2109191dc6a0,3
ff771ad2-23d9-482d-a20d-75c632a2839b,b071b687-6c6d-4983-b0e0-292fd635db95,388f79e2-15d7-445c-9632-01b770e4d9c2,7
37a4be9c-5ff9-44c1-b464-49f1018306e0,b071b687-6c6d-4983-b0e0-292fd635db95,03fafd2f-17f2-447d-9efb-b3562815b2c3,4
09bbcfd7-69cb-4c92-b6aa-038664000bf4,b071b687-6c6d-4983-b0e0-292fd635db95,afa91ff2-996d-447e-ba0c-fbeb26bba630,8
5c3ca9ad-78a1-4752-ae58-c6275c7f23e6,b071b687-6c6d-4983-b0e0-292fd635db95,1e06728f-fcc5-4457-b413-d65752469487,0
9994a901-a00e-49fc-8d31-9e968a51cbe6,b071b687-6c6d-4983-b0e0-292fd635db95,76eb15f7-6e5e-4b15-9e6f-48434b1cab44,1
327eebd9-900b-4e06-8877-59af9eff1e33,b071b687-6c6d-4983-b0e0-292fd635db95,26bab90e-dcaf-466f-9103-2b7b19a6b6cc,6
8ee5bd4a-fa27-41f7-909d-4f683bad2876,b071b687-6c6d-4983-b0e0-292fd635db95,4abe3283-6b63-47cd-aff1-3661dfd1f65a,2
253cfee8-65b2-49b1-a3aa-44546fda6cc3,c55bf5a4-c8ee-49e2-8083-32b06430027a,7291c47f-48fb-4be3-80f6-413a4e3c5247,6
f0242c38-824a-4d7a-a77a-993f18446ea8,c55bf5a4-c8ee-49e2-8083-32b06430027a,388f79e2-15d7-445c-9632-01b770e4d9c2,0
36092007-79ce-439c-a71f-b8accf966588,c55bf5a4-c8ee-49e2-8083-32b06430027a,e8b1694b-d50c-4a9d-b4f0-0f382f387494,8
459412bd-575c-4705-9f75-bbfa8f17e2fe,c55bf5a4-c8ee-49e2-8083-32b06430027a,380426ac-5a54-44a3-b990-3347446f4435,3
6fd1c76a-ad2f-48d3-a993-cbc1b1a5e80c,c55bf5a4-c8ee-49e2-8083-32b06430027a,03fafd2f-17f2-447d-9efb-b3562815b2c3,5
faa8af86-e76c-439a-87e5-b8e7c4f1fbef,8f2529b1-bc32-46af-91a0-7324cd5d38f7,1e06728f-fcc5-4457-b413-d65752469487,4
735c282f-1ad7-4fb2-9d20-919e4d040adc,8f2529b1-bc32-46af-91a0-7324cd5d38f7,a85caf8d-49f9-440d-8147-9357ff25955c,1
85377e2d-4bef-4513-9018-57cbbf4a680d,8f2529b1-bc32-46af-91a0-7324cd5d38f7,380426ac-5a54-44a3-b990-3347446f4435,2
883dc24b-22f7-4688-acbd-a97fa6079e27,8f2529b1-bc32-46af-91a0-7324cd5d38f7,389e73be-e6db-4e7d-b55b-a826813ec765,1
d03584e9-3c4d-4f02-8826-04df2fe3b5b4,8f2529b1-bc32-46af-91a0-7324cd5d38f7,4e5dc074-af5e-4bb8-8e06-e7e916033bfe,6
a1a26f37-73a3-422c-b328-ab532444765b,8f2529b1-bc32-46af-91a0-7324cd5d38f7,e8b1694b-d50c-4a9d-b4f0-0f382f387494,5
f0e934ec-294e-4af1-b8be-f415704d694e,8f2529b1-bc32-46af-91a0-7324cd5d38f7,9124a078-66c7-4231-ab1e-8c448ebc12b6,5
9c28f68f-d014-44e9-aa13-a168f0e9f235,4dff8b74-8f48-4ee5-a0d5-d025de6581df,388f79e2-15d7-445c-9632-01b770e4d9c2,8
4021c965-e31c-4be3-9e65-9bb711a436d2,4dff8b74-8f48-4ee5-a0d5-d025de6581df,e8b1694b-d50c-4a9d-b4f0-0f382f387494,0
5557eaae-1f92-4ed3-a3ee-65ca48ef878c,4dff8b74-8f48-4ee5-a0d5-d025de6581df,7aed13f7-492c-4acd-83ac-b89f153100dd,0
565c814b-5bb3-438a-8d54-93328d600a77,4dff8b74-8f48-4ee5-a0d5-d025de6581df,1e230394-eac4-4b3c-8a6b-26ad1e35bbbb,0
d61a9389-7681-495e-b71b-920878f4ad45,4dff8b74-8f48-4ee5-a0d5-d025de6581df,26bab90e-dcaf-466f-9103-2b7b19a6b6cc,2
b79409df-119a-4218-8742-8d2a8e4d3b5a,4dff8b74-8f48-4ee5-a0d5-d025de6581df,389e73be-e6db-4e7d-b55b-a826813ec765,5
bb408298-774d-4bab-afab-3cdf0ba55388,4dff8b74-8f48-4ee5-a0d5-d025de6581df,380426ac-5a54-44a3-b990-3347446f4435,7
e42d32a7-38ad-4de9-a765-496f6e266597,470b8676-7bf6-4107-856d-3f6d6c0bdcf3,4e5dc074-af5e-4bb8-8e06-e7e916033bfe,5
00aafe3d-835e-4dd2-a282-a4eac10b724f,470b8676-7bf6-4107-856d-3f6d6c0bdcf3,7aed13f7-492c-4acd-83ac-b89f153100dd,2
10277fc4-2fbd-46ff-b92d-d1f03b214694,470b8676-7bf6-4107-856d-3f6d6c0bdcf3,26bab90e-dcaf-466f-9103-2b7b19a6b6cc,6
200aa218-c12d-4eca-b25d-4e864c7d30c0,470b8676-7bf6-4107-856d-3f6d6c0bdcf3,389e73be-e6db-4e7d-b55b-a826813ec765,4
0e1f4ade-3809-42c0-9615-f673a782280f,470b8676-7bf6-4107-856d-3f6d6c0bdcf3,afa91ff2-996d-447e-ba0c-fbeb26bba630,5
2684d255-4089-4949-b1b9-6232dd74e022,470b8676-7bf6-4107-856d-3f6d6c0bdcf3,170140ee-6a3c-4c5c-bbc3-17dcda3bec91,8
f55f3e6a-261c-4df3-a4ac-42072a318185,470b8676-7bf6-4107-856d-3f6d6c0bdcf3,50ee1837-6f04-40d7-a499-5d58ffa0747d,8
39645170-ea65-4e13-b141-90aac8d6c12e,9c21c4b3-0839-4c0f-ab04-dc9ab3378b33,76eb15f7-6e5e-4b15-9e6f-48434b1cab44,5
3980693e-9c36-4a71-89be-e7d718f09421,9c21c4b3-0839-4c0f-ab04-dc9ab3378b33,5f2259e7-921d-47fb-9695-2798fe7ef3b1,1
53c25d45-5cc3-4804-9fe0-2727c06335d1,9c21c4b3-0839-4c0f-ab04-dc9ab3378b33,498bc0b5-c693-4063-a4ce-b5e23ce48f58,6
b029ff44-b1aa-4920-bae4-caee6566068e,9c21c4b3-0839-4c0f-ab04-dc9ab3378b33,1e06728f-fcc5-4457-b413-d65752469487,4
3eb13ac5-0955-4a6e-b60f-08c4a90ea670,9c21c4b3-0839-4c0f-ab04-dc9ab3378b33,e5256dcd-1308-43f5-a821-a4d50045b0c2,0
f284a36e-e77a-48b4-8eea-b64e08de922f,9c21c4b3-0839-4c0f-ab04-dc9ab3378b33,38a6a2e9-a07c-42b6-82a7-2109191dc6a0,7
5dba76da-ea58-4f00-9167-0a6ae1ef71a4,9c21c4b3-0839-4c0f-ab04-dc9ab3378b33,388f79e2-15d7-445c-9632-01b770e4d9c2,4
ffa66410-e855-4502-ac9e-23d81af1a158,1112fa14-8b0d-4294-97e7-78b8faa275e7,498bc0b5-c693-4063-a4ce-b5e23ce48f58,8
bbe304a0-b159-40aa-816c-554e17db2cee,1112fa14-8b0d-4294-97e7-78b8faa275e7,efa1d7b2-b5d3-453e-85e6-a0a22b65cde4,6
3a94eb47-d340-4007-9913-cec12c16c7a4,1112fa14-8b0d-4294-97e7-78b8faa275e7,7291c47f-48fb-4be3-80f6-413a4e3c5247,2
a16bd805-c4ce-4d90-af64-73a945c04564,1112fa14-8b0d-4294-97e7-78b8faa275e7,03fafd2f-17f2-447d-9efb-b3562815b2c3,3
f02a4402-12b3-4897-9ea0-893455943983,1112fa14-8b0d-4294-97e7-78b8faa275e7,e5256dcd-1308-43f5-a821-a4d50045b0c2,0
113fef5d-0d41-482b-9609-1558ab9732bd,1112fa14-8b0d-4294-97e7-78b8faa275e7,76eb15f7-6e5e-4b15-9e6f-48434b1cab44,1
defdf0b4-a980-4116-af30-10077b56205b,1112fa14-8b0d-4294-97e7-78b8faa275e7,a713cc42-3153-42e6-b0e9-34baad5b3290,3
bc6e1ea8-7a6f-48c7-995d-841271dca793,9b93a8d5-8ff4-4b43-9181-12e40f69608d,4e5dc074-af5e-4bb8-8e06-e7e916033bfe,2
1183166a-7d98-449d-b9d7-d5d743294965,9b93a8d5-8ff4-4b43-9181-12e40f69608d,170140ee-6a3c-4c5c-bbc3-17dcda3bec91,6
a751c247-71c0-4a38-a924-687ad245781d,9b93a8d5-8ff4-4b43-9181-12e40f69608d,526de5f2-7da4-499b-aa9f-442870595cd3,3
331da634-1689-4a6f-9b73-99158f6ecf56,d84c9432-37c6-487d-bb86-26c28019af71,389e73be-e6db-4e7d-b55b-a826813ec765,0
42659ed0-116c-41e0-935d-1f833fb41672,d84c9432-37c6-487d-bb86-26c28019af71,e8b1694b-d50c-4a9d-b4f0-0f382f387494,2
655d22e7-d4f0-4f2e-a0ae-1939436950c9,d84c9432-37c6-487d-bb86-26c28019af71,26bab90e-dcaf-466f-9103-2b7b19a6b6cc,8
4d80f525-4ef0-4e96-adb0-5946a937d457,d84c9432-37c6-487d-bb86-26c28019af71,76eb15f7-6e5e-4b15-9e6f-48434b1cab44,3
9e6480ce-8c72-4b5a-8085-dcb150bce2e2,d84c9432-37c6-487d-bb86-26c28019af71,7291c47f-48fb-4be3-80f6-413a4e3c5247,8
a946f723-0cea-497d-93fa-1f5bdb92a23a,d84c9432-37c6-487d-bb86-26c28019af71,fc27267f-6849-4022-a310-2a5925128a65,5
7a5aacb4-c514-422d-9465-a230169a7282,30f4deb0-fa2d-446b-9f07-e23145a00df2,389e73be-e6db-4e7d-b55b-a826813ec765,5
a15581a6-54ac-4967-933d-2b07ff12c2ff,30f4deb0-fa2d-446b-9f07-e23145a00df2,380426ac-5a54-44a3-b990-3347446f4435,8
2800303d-8cee-4b53-8022-df26acd80e54,30f4deb0-fa2d-446b-9f07-e23145a00df2,170140ee-6a3c-4c5c-bbc3-17dcda3bec91,5
84f80c9e-f1b9-4090-b8c9-ee940c50cfe7,30f4deb0-fa2d-446b-9f07-e23145a00df2,a713cc42-3153-42e6-b0e9-34baad5b3290,4
eb0014a0-6277-420f-91a8-abdbdd741506,30f4deb0-fa2d-446b-9f07-e23145a00df2,4e5dc074-af5e-4bb8-8e06-e7e916033bfe,7
41670096-62ad-4266-b2f0-7960c8c22396,30f4deb0-fa2d-446b-9f07-e23145a00df2,9124a078-66c7-4231-ab1e-8c448ebc12b6,3
5eb39b42-9773-4a47-8783-d07193df8908,7701e1e9-8626-4baf-a06d-746efdbf99cd,8b3423b3-0ab0-4296-85e0-4ebcd89620f3,4
48902948-508f-4d8f-bb7c-0e0274573bbc,7701e1e9-8626-4baf-a06d-746efdbf99cd,9124a078-66c7-4231-ab1e-8c448ebc12b6,4
d7c4d850-1f8f-4638-9277-ac8fca31f25a,7701e1e9-8626-4baf-a06d-746efdbf99cd,1e06728f-fcc5-4457-b413-d65752469487,3
67acaffd-fa5e-4a63-b125-dcb5f66ea4a7,7701e1e9-8626-4baf-a06d-746efdbf99cd,efa1d7b2-b5d3-453e-85e6-a0a22b65cde4,7
12f78db7-4468-4fb3-9c2a-e46a2f147ec0,52a7087b-14d4-43a4-8c99-ab52b7fbd8b9,76eb15f7-6e5e-4b15-9e6f-48434b1cab44,4
2266653d-a52c-491f-ae75-d891ed427d3c,52a7087b-14d4-43a4-8c99-ab52b7fbd8b9,388f79e2-15d7-445c-9632-01b770e4d9c2,4
935a3d5b-ebc0-42ef-8e99-9dd82d684ac4,52a7087b-14d4-43a4-8c99-ab52b7fbd8b9,9124a078-66c7-4231-ab1e-8c448ebc12b6,1
8957eb18-2958-4f3b-88ab-7d92685a12b9,52a7087b-14d4-43a4-8c99-ab52b7fbd8b9,e5256dcd-1308-43f5-a821-a4d50045b0c2,8
6eb6de71-63e4-4a4e-bc77-1b3679107468,52a7087b-14d4-43a4-8c99-ab52b7fbd8b9,fc27267f-6849-4022-a310-2a5925128a65,6
c622db20-da22-4a00-85ca-b33f9f0bc9d1,686202f6-815e-4861-86c7-9223357dd495,9b533ac3-7a26-4904-a64c-127d029933a7,0
8eca067f-dc51-499f-a250-9791f513bc93,686202f6-815e-4861-86c7-9223357dd495,388f79e2-15d7-445c-9632-01b770e4d9c2,4
a23a0ae1-cf19-4f27-b3aa-bc1cb0e07110,686202f6-815e-4861-86c7-9223357dd495,e8b1694b-d50c-4a9d-b4f0-0f382f387494,1
a4856d59-4e37-4d0f-956c-b87a7a8c070f,686202f6-815e-4861-86c7-9223357dd495,fc27267f-6849-4022-a310-2a5925128a65,5
3eb608cc-2762-48d8-b196-7593d77e4470,686202f6-815e-4861-86c7-9223357dd495,7aed13f7-492c-4acd-83ac-b89f153100dd,7
5b0c9d4a-6077-442c-aaf6-706da7ac000e,686202f6-815e-4861-86c7-9223357dd495,1e06728f-fcc5-4457-b413-d65752469487,4
1adc363d-5eb1-4d18-8813-56b66c1c1fbf,0758fcef-5943-423a-8a79-6e2d6ebb8fca,1e230394-eac4-4b3c-8a6b-26ad1e35bbbb,4
3e836ecf-1fec-4cd8-823b-2b0edc94e7ef,0758fcef-5943-423a-8a79-6e2d6ebb8fca,e5256dcd-1308-43f5-a821-a4d50045b0c2,2
1e478d7c-85d0-4efa-b23d-fef3885f6fbe,0758fcef-5943-423a-8a79-6e2d6ebb8fca,9b533ac3-7a26-4904-a64c-127d029933a7,1
5f1a40cb-8c8d-4a2f-943d-953259eebf65,0758fcef-5943-423a-8a79-6e2d6ebb8fca,9124a078-66c7-4231-ab1e-8c448ebc12b6,3
d2aa0b8e-1c7c-4781-932d-07152acd75b7,0758fcef-5943-423a-8a79-6e2d6ebb8fca,8b3423b3-0ab0-4296-85e0-4ebcd89620f3,3
633a2363-62a8-49bd-8330-1e827f868c35,0758fcef-5943-423a-8a79-6e2d6ebb8fca,50ee1837-6f04-40d7-a499-5d58ffa0747d,0
016040c7-9183-4efc-bdb0-2a1e11c0c94c,bf4e210f-643a-4759-ab83-8af17b86f043,efa1d7b2-b5d3-453e-85e6-a0a22b65cde4,7
2f785f61-10e7-4a90-ac76-68410b34819a,bf4e210f-643a-4759-ab83-8af17b86f043,4abe3283-6b63-47cd-aff1-3661dfd1f65a,1
b85f1c17-daad-4eb1-8a39-4ea6a60a7075,bf4e210f-643a-4759-ab83-8af17b86f043,e5256dcd-1308-43f5-a821-a4d50045b0c2,2
01253d38-2b31-4b15-a9b2-36f4570c3479,bf4e210f-643a-4759-ab83-8af17b86f043,03fafd2f-17f2-447d-9efb-b3562815b2c3,0
8c391429-ce1b-449f-a528-e5e54ed015db,bf4e210f-643a-4759-ab83-8af17b86f043,271d6569-e42e-4403-a5bf-cad1d3e81ed0,8
aa34fcee-a129-4e31-b1f7-0b72ba17b009,bf4e210f-643a-4759-ab83-8af17b86f043,526de5f2-7da4-499b-aa9f-442870595cd3,2
93e1a86d-b54e-47cb-a0e0-0ffcf480520d,bf4e210f-643a-4759-ab83-8af17b86f043,170140ee-6a3c-4c5c-bbc3-17dcda3bec91,6
1afd618f-aa4d-420c-a067-c57b6969ca63,8d30e723-0cfb-4643-8129-a17371a64527,76eb15f7-6e5e-4b15-9e6f-48434b1cab44,4
c7e6f66e-d36b-4cc1-9a9d-0e4006c49d01,8d30e723-0cfb-4643-8129-a17371a64527,4abe3283-6b63-47cd-aff1-3661dfd1f65a,0
303ebceb-576c-4fb7-bf5c-17030c305513,8d30e723-0cfb-4643-8129-a17371a64527,1e230394-eac4-4b3c-8a6b-26ad1e35bbbb,1
e833e1d6-ca6f-411d-8b86-1a5d49566047,8d30e723-0cfb-4643-8129-a17371a64527,e8b1694b-d50c-4a9d-b4f0-0f382f387494,3
e5c4f7ae-c74f-47b0-bb75-4f17d947d8ae,8d30e723-0cfb-4643-8129-a17371a64527,1e06728f-fcc5-4457-b413-d65752469487,8
cfad2aa2-a824-4af7-afd9-0e8bbbaa7fb3,8d30e723-0cfb-4643-8129-a17371a64527,170140ee-6a3c-4c5c-bbc3-17dcda3bec91,0
c032b9b3-2f57-45a0-b3fc-3407fd4fc041,e55d2630-e29c-44bc-8b64-956bd7a1b971,526de5f2-7da4-499b-aa9f-442870595cd3,0
19dde00e-ab04-439c-a258-a96067c3b653,e55d2630-e29c-44bc-8b64-956bd7a1b971,afa91ff2-996d-447e-ba0c-fbeb26bba630,6
a052a071-818c-401e-b829-777d65b2789e,e55d2630-e29c-44bc-8b64-956bd7a1b971,9b533ac3-7a26-4904-a64c-127d029933a7,7
9cb715f9-6d7f-4088-9801-9ce08d0653b4,e55d2630-e29c-44bc-8b64-956bd7a1b971,a713cc42-3153-42e6-b0e9-34baad5b3290,2
73e90b83-69d7-482c-8c31-803e96a01e9a,200962be-acdd-4774-989f-9693038dc1f9,afa91ff2-996d-447e-ba0c-fbeb26bba630,1
72cc4b92-eecb-4629-a82d-920bcb4f8b00,200962be-acdd-4774-989f-9693038dc1f9,03fafd2f-17f2-447d-9efb-b3562815b2c3,5
efc55b67-2e8c-4d60-aa59-b99226b9f23e,200962be-acdd-4774-989f-9693038dc1f9,38a6a2e9-a07c-42b6-82a7-2109191dc6a0,4
a062b65d-6072-4617-b2f6-98d52af0d3ef,200962be-acdd-4774-989f-9693038dc1f9,1e06728f-fcc5-4457-b413-d65752469487,7
c838255d-420a-4bc0-a1f0-d218229a9a11,200962be-acdd-4774-989f-9693038dc1f9,498bc0b5-c693-4063-a4ce-b5e23ce48f58,8
61cd1e72-3de1-410c-9baf-65ae2f257324,ec9e84b7-4380-475f-abe1-19dc237d8838,76eb15f7-6e5e-4b15-9e6f-48434b1cab44,1
ad697564-9e5a-490b-803e-157f26762844,ec9e84b7-4380-475f-abe1-19dc237d8838,afa91ff2-996d-447e-ba0c-fbeb26bba630,5
d38c5752-7f8c-46f7-a4e2-5163225f9528,ec9e84b7-4380-475f-abe1-19dc237d8838,7aed13f7-492c-4acd-83ac-b89f153100dd,2
0cf9cb2c-d2f6-497b-a89e-5a5be64ec9db,ec9e84b7-4380-475f-abe1-19dc237d8838,389e73be-e6db-4e7d-b55b-a826813ec765,7
6f4604ff-3fa3-4c3e-9f58-c2b126003df0,ec9e84b7-4380-475f-abe1-19dc237d8838,4e5dc074-af5e-4bb8-8e06-e7e916033bfe,4
c76af451-6d3b-4e9c-b485-61641f2bf85a,ec9e84b7-4380-475f-abe1-19dc237d8838,8b3423b3-0ab0-4296-85e0-4ebcd89620f3,2
665eeec5-5bad-46b6-842b-2aba8c456ac9,ec9e84b7-4380-475f-abe1-19dc237d8838,1e230394-eac4-4b3c-8a6b-26ad1e35bbbb,0
9e1c9e6f-41fb-4d36-970f-0cc5c6a55356,e988c06d-c9af-462a-aad4-351afdcbd61e,fc27267f-6849-4022-a310-2a5925128a65,3
9231947e-e9c8-4a99-9dba-d6eff34fb82b,e988c06d-c9af-462a-aad4-351afdcbd61e,1e06728f-fcc5-4457-b413-d65752469487,2
3a140dd1-b241-4b18-b1f3-f93764a30fd1,e988c06d-c9af-462a-aad4-351afdcbd61e,498bc0b5-c693-4063-a4ce-b5e23ce48f58,6
0968ff74-fd4c-4ed9-9b0b-54c897e99b26,e988c06d-c9af-462a-aad4-351afdcbd61e,90086932-31ec-49a6-925d-b7da09c13911,6
1b921dad-6c61-4d30-bd34-70f741339003,e988c06d-c9af-462a-aad4-351afdcbd61e,e8b1694b-d50c-4a9d-b4f0-0f382f387494,8
a5b32a9e-825e-4ca4-9b0c-e2acbf2bd762,44d1d696-aa73-495f-b7c7-6cb925f14d86,a85caf8d-49f9-440d-8147-9357ff25955c,2
d5e33ac7-14cd-4373-9c06-714112cdbce4,44d1d696-aa73-495f-b7c7-6cb925f14d86,380426ac-5a54-44a3-b990-3347446f4435,7
d2d26994-bb46-4312-be8e-fa6b7f63bdc7,44d1d696-aa73-495f-b7c7-6cb925f14d86,90086932-31ec-49a6-925d-b7da09c13911,5
619216bd-9423-46b6-9d78-a0ac5bf5d7b8,44d1d696-aa73-495f-b7c7-6cb925f14d86,271d6569-e42e-4403-a5bf-cad1d3e81ed0,3
fe28205f-1e41-4c2e-ba61-c59415b6c33f,44d1d696-aa73-495f-b7c7-6cb925f14d86,a713cc42-3153-42e6-b0e9-34baad5b3290,0
3c02928b-f46a-4538-8256-94e86c6bbd3f,8e1771ae-a663-4b41-b85a-4fbbaab08c09,380426ac-5a54-44a3-b990-3347446f4435,5
d07d2f66-fe57-4637-9678-1b28f94a2616,8e1771ae-a663-4b41-b85a-4fbbaab08c09,efa1d7b2-b5d3-453e-85e6-a0a22b65cde4,4
a079e654-1ffb-4ea6-a75c-cd0d194f3bd0,8e1771ae-a663-4b41-b85a-4fbbaab08c09,4e5dc074-af5e-4bb8-8e06-e7e916033bfe,0
16753189-099e-44e2-934e-3f81213b968f,8e1771ae-a663-4b41-b85a-4fbbaab08c09,e8b1694b-d50c-4a9d-b4f0-0f382f387494,4
a0389b15-c959-4a18-ae91-f9aa274cd259,8e1771ae-a663-4b41-b85a-4fbbaab08c09,8b3423b3-0ab0-4296-85e0-4ebcd89620f3,5
9387f965-498f-4331-80d5-a46f6b870d54,06062749-71be-4084-be3c-291cbc099043,03fafd2f-17f2-447d-9efb-b3562815b2c3,4
8f7597a5-4076-4ca1-883e-896d1a5681e0,06062749-71be-4084-be3c-291cbc099043,90086932-31ec-49a6-925d-b7da09c13911,2
0f597ec7-46fb-4d0a-8c53-3b982ef14820,06062749-71be-4084-be3c-291cbc099043,271d6569-e42e-4403-a5bf-cad1d3e81ed0,6
969dc61a-bd60-495b-9321-e60d8981ab0c,06062749-71be-4084-be3c-291cbc099043,4e5dc074-af5e-4bb8-8e06-e7e916033bfe,8
490db9a2-bd7e-4bcb-aa34-724d66735227,7333a73e-5fbe-44b6-96eb-f697c336a3c4,5f2259e7-921d-47fb-9695-2798fe7ef3b1,5
30d81845-c4e6-4831-8ec2-141f72b3d80f,7333a73e-5fbe-44b6-96eb-f697c336a3c4,271d6569-e42e-4403-a5bf-cad1d3e81ed0,3
a554d2a4-3ea0-4c95-a14c-f801556e3b53,7333a73e-5fbe-44b6-96eb-f697c336a3c4,4abe3283-6b63-47cd-aff1-3661dfd1f65a,3
3bb1609c-bafc-4c58-9ee4-e6294ca3c573,7333a73e-5fbe-44b6-96eb-f697c336a3c4,e5256dcd-1308-43f5-a821-a4d50045b0c2,2
f696bd37-c665-4303-ad2a-d50d4eceb52a,7333a73e-5fbe-44b6-96eb-f697c336a3c4,1e06728f-fcc5-4457-b413-d65752469487,7
62decca9-1fc5-445c-b321-df860eaaf0bc,dda0e5f5-c4bf-4700-bf25-4b41a1fbd6da,4e5dc074-af5e-4bb8-8e06-e7e916033bfe,6
580b1c78-06db-4ee3-acc5-7c66a7151f24,dda0e5f5-c4bf-4700-bf25-4b41a1fbd6da,7291c47f-48fb-4be3-80f6-413a4e3c5247,8
359b0f15-dbb6-466d-b7e4-52e975bcc65b,dda0e5f5-c4bf-4700-bf25-4b41a1fbd6da,26bab90e-dcaf-466f-9103-2b7b19a6b6cc,7
c3b6323f-05b1-462f-a1dd-5047ebd1f61d,dda0e5f5-c4bf-4700-bf25-4b41a1fbd6da,388f79e2-15d7-445c-9632-01b770e4d9c2,8
fbb58355-7ec5-4ba6-b3e7-96ae10d59be3,7648902a-b27b-4c58-814a-a4d59824af50,e8b1694b-d50c-4a9d-b4f0-0f382f387494,1
59c56fb2-0769-4c70-a8bb-d6d88a659731,7648902a-b27b-4c58-814a-a4d59824af50,efa1d7b2-b5d3-453e-85e6-a0a22b65cde4,8
d8628d33-149d-4256-81d9-3e79ef8eebd6,7648902a-b27b-4c58-814a-a4d59824af50,90086932-31ec-49a6-925d-b7da09c13911,7
698213bc-ce38-45bd-9e82-baa31dd79589,7648902a-b27b-4c58-814a-a4d59824af50,26bab90e-dcaf-466f-9103-2b7b19a6b6cc,8
c8094697-d110-4597-9625-4ebadeced4bb,d3f90615-2718-4e1d-831b-156e4ce6fa77,a85caf8d-49f9-440d-8147-9357ff25955c,8
ff318f3e-521a-42c0-923b-f234373da35c,d3f90615-2718-4e1d-831b-156e4ce6fa77,e5256dcd-1308-43f5-a821-a4d50045b0c2,8
6b30589c-c4bf-4613-97c9-f80eb7aa0626,d3f90615-2718-4e1d-831b-156e4ce6fa77,498bc0b5-c693-4063-a4ce-b5e23ce48f58,3
cf40a47c-0035-47cc-8c1b-0dd9ae27a314,d3f90615-2718-4e1d-831b-156e4ce6fa77,271d6569-e42e-4403-a5bf-cad1d3e81ed0,8
ae8a3fb2-032e-40b8-9b3e-c0b0c9ee2160,d3f90615-2718-4e1d-831b-156e4ce6fa77,03fafd2f-17f2-447d-9efb-b3562815b2c3,2
7fc82557-9a96-4743-93e8-31352c51732c,b89513fb-9038-4fef-9413-3ac2c9770159,170140ee-6a3c-4c5c-bbc3-17dcda3bec91,1
22109423-5604-4a9f-bff4-822000ad3416,b89513fb-9038-4fef-9413-3ac2c9770159,50ee1837-6f04-40d7-a499-5d58ffa0747d,3
93c7fbd8-7e13-420c-be87-faa9f9a922a3,b89513fb-9038-4fef-9413-3ac2c9770159,389e73be-e6db-4e7d-b55b-a826813ec765,7
05ac310d-b373-4542-90a2-4edea104f6ac,b89513fb-9038-4fef-9413-3ac2c9770159,4e5dc074-af5e-4bb8-8e06-e7e916033bfe,1
30e9bbde-0f50-48ec-b899-175f2f7752f6,33e2731e-d8db-49e0-a068-e466ae0381fc,4e5dc074-af5e-4bb8-8e06-e7e916033bfe,7
c235c01b-2de6-47ca-8194-f7b779cc204f,33e2731e-d8db-49e0-a068-e466ae0381fc,fc27267f-6849-4022-a310-2a5925128a65,0
8a1b417d-a52f-4805-8375-b42548cb8799,33e2731e-d8db-49e0-a068-e466ae0381fc,03fafd2f-17f2-447d-9efb-b3562815b2c3,8
2b09f34d-1a15-44a3-98c3-b497dfd9ee38,33e2731e-d8db-49e0-a068-e466ae0381fc,e5256dcd-1308-43f5-a821-a4d50045b0c2,7
0f34506d-2654-4cc3-a74e-7980ad507314,33e2731e-d8db-49e0-a068-e466ae0381fc,7aed13f7-492c-4acd-83ac-b89f153100dd,4
fb4038ac-9d21-4e64-ab54-1ebb18e5579b,33e2731e-d8db-49e0-a068-e466ae0381fc,389e73be-e6db-4e7d-b55b-a826813ec765,0
3a8f5a19-639e-4477-9997-3e5e065d0110,33e2731e-d8db-49e0-a068-e466ae0381fc,526de5f2-7da4-499b-aa9f-442870595cd3,6
0a6d980f-7495-43ea-a4af-f4b962a74b3c,e8e1c68f-c4a9-495a-89ba-a67a4ab0c32e,9b533ac3-7a26-4904-a64c-127d029933a7,1
f0952eeb-b319-4f31-a4b6-ceae1afda93c,e8e1c68f-c4a9-495a-89ba-a67a4ab0c32e,38a6a2e9-a07c-42b6-82a7-2109191dc6a0,0
b9715f69-b992-47ad-95c7-967b150edae2,e8e1c68f-c4a9-495a-89ba-a67a4ab0c32e,7291c47f-48fb-4be3-80f6-413a4e3c5247,6
190071dc-6fa1-4fdd-927b-86ad0b5ee13a,e8e1c68f-c4a9-495a-89ba-a67a4ab0c32e,1e230394-eac4-4b3c-8a6b-26ad1e35bbbb,5
f7e7ec83-c1d6-4809-b23e-bbc0bff344b5,e8e1c68f-c4a9-495a-89ba-a67a4ab0c32e,498bc0b5-c693-4063-a4ce-b5e23ce48f58,1
37ecee9f-d524-425b-97b2-bc8dafc4b621,a2e936a7-7186-45c8-8868-f4d826eeb864,03fafd2f-17f2-447d-9efb-b3562815b2c3,2
a80145c1-30cf-4b5c-ae77-51d74f471fad,a2e936a7-7186-45c8-8868-f4d826eeb864,afa91ff2-996d-447e-ba0c-fbeb26bba630,2
b7d0c777-a799-445e-9bdf-ec0f6eeb0751,a2e936a7-7186-45c8-8868-f4d826eeb864,a85caf8d-49f9-440d-8147-9357ff25955c,6
0f7a8064-6fce-41d8-a95a-189d0dd229dd,a2e936a7-7186-45c8-8868-f4d826eeb864,76eb15f7-6e5e-4b15-9e6f-48434b1cab44,5
0b8a4b5b-416d-41b9-b845-a0fcd99c4025,a2e936a7-7186-45c8-8868-f4d826eeb864,e5256dcd-1308-43f5-a821-a4d50045b0c2,6
f8f3ed89-deb0-4706-87de-1842f9de518c,a2e936a7-7186-45c8-8868-f4d826eeb864,1e06728f-fcc5-4457-b413-d65752469487,7
7ad3d11a-7497-42a5-8d17-ea60139bf6d7,a2e936a7-7186-45c8-8868-f4d826eeb864,526de5f2-7da4-499b-aa9f-442870595cd3,6
629cf3a3-2913-4969-b117-84052b409745,80e20a68-1053-46a0-b7cd-302fc90ad627,a85caf8d-49f9-440d-8147-9357ff25955c,5
605c8d6e-8461-4d65-bccb-2b1b3fb7d2f2,80e20a68-1053-46a0-b7cd-302fc90ad627,90086932-31ec-49a6-925d-b7da09c13911,1
493ef6b2-5e11-4209-a3e9-3d22fe15eb03,80e20a68-1053-46a0-b7cd-302fc90ad627,afa91ff2-996d-447e-ba0c-fbeb26bba630,2
f7d0fa06-e92f-436d-8b6b-4dfe5dfc0e9c,80e20a68-1053-46a0-b7cd-302fc90ad627,9124a078-66c7-4231-ab1e-8c448ebc12b6,8
5ea2f957-9b6b-41b8-9761-4922a52f77a8,80e20a68-1053-46a0-b7cd-302fc90ad627,7aed13f7-492c-4acd-83ac-b89f153100dd,6
d4833a8e-3313-49b4-8961-66ab4f31e8ab,80e20a68-1053-46a0-b7cd-302fc90ad627,4abe3283-6b63-47cd-aff1-3661dfd1f65a,8
42d707cc-dd04-4b85-a5c4-9a1fdfde78e0,e918ae65-c7bf-4494-a8d4-4c983a923cf4,7291c47f-48fb-4be3-80f6-413a4e3c5247,0
3991e6a0-95e5-474e-9161-0d67584cecba,e918ae65-c7bf-4494-a8d4-4c983a923cf4,efa1d7b2-b5d3-453e-85e6-a0a22b65cde4,4
e6a99d87-c7a8-495b-ab89-9bb30573f7e5,e918ae65-c7bf-4494-a8d4-4c983a923cf4,9b533ac3-7a26-4904-a64c-127d029933a7,7
61e02af1-fadf-4401-9dc5-fe04f518b2af,e918ae65-c7bf-4494-a8d4-4c983a923cf4,38a6a2e9-a07c-42b6-82a7-2109191dc6a0,8
c7bc1195-4a1a-4e97-a00e-8b8dbaa7f430,d8b0e2bb-459d-48f1-b42f-31a6bbddf77e,9124a078-66c7-4231-ab1e-8c448ebc12b6,5
c338a225-6b38-4db1-b0bf-b384945bf483,d8b0e2bb-459d-48f1-b42f-31a6bbddf77e,380426ac-5a54-44a3-b990-3347446f4435,2
ce4cbef6-463a-4513-b6be-4ba497458e29,d8b0e2bb-459d-48f1-b42f-31a6bbddf77e,9b533ac3-7a26-4904-a64c-127d029933a7,4
a7b0dd3b-e8ff-4c31-99a8-ebf94c4db382,d8b0e2bb-459d-48f1-b42f-31a6bbddf77e,efa1d7b2-b5d3-453e-85e6-a0a22b65cde4,3
a0246e6c-37c6-4383-96b3-023241d50952,d8b0e2bb-459d-48f1-b42f-31a6bbddf77e,50ee1837-6f04-40d7-a499-5d58ffa0747d,1
a290a7bf-63e4-43d3-a337-bf2dced2fd89,d8b0e2bb-459d-48f1-b42f-31a6bbddf77e,4e5dc074-af5e-4bb8-8e06-e7e916033bfe,0
fb90ac87-70a5-43d3-83be-b23241308ce8,8b4db567-6b55-4919-a469-a526a882589a,26bab90e-dcaf-466f-9103-2b7b19a6b6cc,1
68fb49cc-9b63-479b-9700-bee0dd0c252f,8b4db567-6b55-4919-a469-a526a882589a,e8b1694b-d50c-4a9d-b4f0-0f382f387494,0
9dea7293-62ac-478a-8abe-f2b64e7c48ba,8b4db567-6b55-4919-a469-a526a882589a,38a6a2e9-a07c-42b6-82a7-2109191dc6a0,7
7ef17184-36b8-4c23-8047-8891732557b3,8b4db567-6b55-4919-a469-a526a882589a,efa1d7b2-b5d3-453e-85e6-a0a22b65cde4,0
bb3c0395-42db-4b18-a521-7a2ae14eda93,8b4db567-6b55-4919-a469-a526a882589a,1e230394-eac4-4b3c-8a6b-26ad1e35bbbb,3
1627f44c-2716-472e-b15b-ce427e7f33a9,8b4db567-6b55-4919-a469-a526a882589a,a85caf8d-49f9-440d-8147-9357ff25955c,0
90b8b926-0dc9-40d7-baca-282fc3fb888f,98146436-8ead-46c6-9ea5-772d2205afcf,4e5dc074-af5e-4bb8-8e06-e7e916033bfe,0
4585e5e4-c8c2-426c-8019-36ab24566dfa,98146436-8ead-46c6-9ea5-772d2205afcf,efa1d7b2-b5d3-453e-85e6-a0a22b65cde4,2
00d73e3a-97ea-40b1-b7e8-3709e4b9a7f3,98146436-8ead-46c6-9ea5-772d2205afcf,9124a078-66c7-4231-ab1e-8c448ebc12b6,8
73b4cebc-e530-49a6-aefe-d82d5d90554c,98146436-8ead-46c6-9ea5-772d2205afcf,1e230394-eac4-4b3c-8a6b-26ad1e35bbbb,4
ca907479-25d6-488d-8bb0-c63bf0bc5c27,98146436-8ead-46c6-9ea5-772d2205afcf,e8b1694b-d50c-4a9d-b4f0-0f382f387494,3
7fe2bf70-6bae-45e8-9006-92a69ff2b8d1,98146436-8ead-46c6-9ea5-772d2205afcf,fc27267f-6849-4022-a310-2a5925128a65,5
75838bc1-6836-4980-9085-4e3ec9078536,25accb22-0a57-4ad6-b6dd-e759cfc1b551,26bab90e-dcaf-466f-9103-2b7b19a6b6cc,2
8449fae2-48ee-44e2-a919-d9ff093b3bd6,25accb22-0a57-4ad6-b6dd-e759cfc1b551,e8b1694b-d50c-4a9d-b4f0-0f382f387494,8
745f9680-6183-4648-b021-6fefaf4bfdfd,25accb22-0a57-4ad6-b6dd-e759cfc1b551,90086932-31ec-49a6-925d-b7da09c13911,3
59d71616-a4e2-48e4-9161-d117cb34d097,25accb22-0a57-4ad6-b6dd-e759cfc1b551,9b533ac3-7a26-4904-a64c-127d029933a7,6
1a790a58-ff8b-4479-a52f-5e213c2b4019,25accb22-0a57-4ad6-b6dd-e759cfc1b551,170140ee-6a3c-4c5c-bbc3-17dcda3bec91,4
7d304bc9-c408-4742-950f-a2fabf48d241,25accb22-0a57-4ad6-b6dd-e759cfc1b551,efa1d7b2-b5d3-453e-85e6-a0a22b65cde4,4
e8738ebf-baec-450b-a6aa-58af2a4f4b01,25accb22-0a57-4ad6-b6dd-e759cfc1b551,1e06728f-fcc5-4457-b413-d65752469487,0
73095dc5-a7e8-492c-a2b7-3eb187b787a2,ccdfc525-a373-48a0-a44f-89caab65176a,498bc0b5-c693-4063-a4ce-b5e23ce48f58,8
9060453e-e69b-4461-83b6-75d5040dd789,ccdfc525-a373-48a0-a44f-89caab65176a,afa91ff2-996d-447e-ba0c-fbeb26bba630,7
8214054e-9f07-42a2-af51-fd80cecc9c36,ccdfc525-a373-48a0-a44f-89caab65176a,7291c47f-48fb-4be3-80f6-413a4e3c5247,0
c4c2d36b-ed43-4f56-b87f-18bca50c196c,ccdfc525-a373-48a0-a44f-89caab65176a,a713cc42-3153-42e6-b0e9-34baad5b3290,5
577f81b4-66ff-4869-9c9f-e1a923985842,ccdfc525-a373-48a0-a44f-89caab65176a,4abe3283-6b63-47cd-aff1-3661dfd1f65a,6
785cdfaa-ef4e-4007-b1bf-684d415d1acb,ccdfc525-a373-48a0-a44f-89caab65176a,90086932-31ec-49a6-925d-b7da09c13911,8
a8f65329-2f1a-4143-96d6-7a616e24e8b4,ccdfc525-a373-48a0-a44f-89caab65176a,526de5f2-7da4-499b-aa9f-442870595cd3,5
a4db891d-1601-4088-a134-8cf9a814e945,ae78ff3d-f828-4ce3-aa58-7efc285cc5e7,526de5f2-7da4-499b-aa9f-442870595cd3,8
e4430d9c-4f09-496e-983b-086f3bd4f71f,ae78ff3d-f828-4ce3-aa58-7efc285cc5e7,7aed13f7-492c-4acd-83ac-b89f153100dd,7
11d40342-cedc-4394-b7b7-ca222fff9f5e,ae78ff3d-f828-4ce3-aa58-7efc285cc5e7,1e06728f-fcc5-4457-b413-d65752469487,3
340d23bb-696a-4b44-8c3a-8369feb225b6,ae78ff3d-f828-4ce3-aa58-7efc285cc5e7,380426ac-5a54-44a3-b990-3347446f4435,3
fcad2550-836b-4120-ad22-9e23aeedccfa,ae78ff3d-f828-4ce3-aa58-7efc285cc5e7,a713cc42-3153-42e6-b0e9-34baad5b3290,4
134cdd65-7044-4b21-8d61-062459cf4997,ae78ff3d-f828-4ce3-aa58-7efc285cc5e7,e8b1694b-d50c-4a9d-b4f0-0f382f387494,2
96e24b58-c219-4936-9784-72376a051f50,05d82f52-c13d-4578-923e-9c84c141f52a,e5256dcd-1308-43f5-a821-a4d50045b0c2,8
f8dc7d7d-e7ab-494e-89d0-488d79f15060,05d82f52-c13d-4578-923e-9c84c141f52a,03fafd2f-17f2-447d-9efb-b3562815b2c3,2
f43a7ca0-2e39-4d8c-aabb-5d1c1984b3a7,05d82f52-c13d-4578-923e-9c84c141f52a,9124a078-66c7-4231-ab1e-8c448ebc12b6,6
faeae06f-664d-4047-bd1a-23363fcdca6b,05d82f52-c13d-4578-923e-9c84c141f52a,526de5f2-7da4-499b-aa9f-442870595cd3,3
ae107348-e860-4232-b746-cf259a83e535,05d82f52-c13d-4578-923e-9c84c141f52a,9b533ac3-7a26-4904-a64c-127d029933a7,4
d091a443-1c2a-4297-a4ed-0a5168a91303,05d82f52-c13d-4578-923e-9c84c141f52a,50ee1837-6f04-40d7-a499-5d58ffa0747d,3
4199a6a5-75b0-4117-8641-8fb1c35c85af,a473bdba-d0c5-4c98-bf2a-78fa4a8fc4c8,4abe3283-6b63-47cd-aff1-3661dfd1f65a,5
7ed4f484-ab89-41b9-afa5-7dc9a5fd93e9,a473bdba-d0c5-4c98-bf2a-78fa4a8fc4c8,a85caf8d-49f9-440d-8147-9357ff25955c,1
ad4cc8d8-8671-4963-80c4-3952a6d495b8,a473bdba-d0c5-4c98-bf2a-78fa4a8fc4c8,e5256dcd-1308-43f5-a821-a4d50045b0c2,8
9a7d324c-f4ec-4a79-a036-58b1b8372f09,a473bdba-d0c5-4c98-bf2a-78fa4a8fc4c8,4e5dc074-af5e-4bb8-8e06-e7e916033bfe,3
dcb68ea4-e8a3-4d34-91b4-aeb2b7aab156,a473bdba-d0c5-4c98-bf2a-78fa4a8fc4c8,50ee1837-6f04-40d7-a499-5d58ffa0747d,0
1dc0b6d1-a90a-4f9b-8392-8016d8a815e5,835d6d27-05e7-4e0e-9474-455337d95b16,380426ac-5a54-44a3-b990-3347446f4435,1
b1c80a3a-1534-4bd5-b325-3359166efb1e,835d6d27-05e7-4e0e-9474-455337d95b16,90086932-31ec-49a6-925d-b7da09c13911,3
671558fd-787e-4e8e-b92c-1690080cfa39,835d6d27-05e7-4e0e-9474-455337d95b16,26bab90e-dcaf-466f-9103-2b7b19a6b6cc,8
95d25fd1-d0c1-4c3f-9fe4-3044a1bee838,835d6d27-05e7-4e0e-9474-455337d95b16,03fafd2f-17f2-447d-9efb-b3562815b2c3,3
f6541ad6-5013-423f-a6a4-01c613aa07d5,835d6d27-05e7-4e0e-9474-455337d95b16,50ee1837-6f04-40d7-a499-5d58ffa0747d,7
1cdda156-2225-4442-9f23-020f249363f6,e76d848f-664e-478a-a6ae-a24c63e70cd7,50ee1837-6f04-40d7-a499-5d58ffa0747d,0
431964ab-625f-44b1-9af8-e3a0956cd90a,e76d848f-664e-478a-a6ae-a24c63e70cd7,e5256dcd-1308-43f5-a821-a4d50045b0c2,3
cb96000e-ee45-48d7-aabc-ef1f94728817,e76d848f-664e-478a-a6ae-a24c63e70cd7,170140ee-6a3c-4c5c-bbc3-17dcda3bec91,3
4c34c54f-02b9-4f96-a6d2-2759ae74bbe8,e76d848f-664e-478a-a6ae-a24c63e70cd7,1e06728f-fcc5-4457-b413-d65752469487,1
a4ce25b8-65e1-4dcb-bd7d-2e2789416ca1,4fd5e63e-f43a-4015-a41c-fabe5d3649d9,e5256dcd-1308-43f5-a821-a4d50045b0c2,6
48593f81-c4b5-47a4-b8d5-82ca9341c4df,4fd5e63e-f43a-4015-a41c-fabe5d3649d9,efa1d7b2-b5d3-453e-85e6-a0a22b65cde4,3
1b129f86-cb4d-4f9e-abe1-793a73208acd,4fd5e63e-f43a-4015-a41c-fabe5d3649d9,5f2259e7-921d-47fb-9695-2798fe7ef3b1,8
60f6f346-a452-483d-bc52-f3f6ad194db1,4fd5e63e-f43a-4015-a41c-fabe5d3649d9,26bab90e-dcaf-466f-9103-2b7b19a6b6cc,5
7e1cb615-4378-4bdb-bd79-3d12d14b055d,4fd5e63e-f43a-4015-a41c-fabe5d3649d9,50ee1837-6f04-40d7-a499-5d58ffa0747d,4
88d2a6cf-64bd-4891-b29c-430ab8173344,4fd5e63e-f43a-4015-a41c-fabe5d3649d9,1e230394-eac4-4b3c-8a6b-26ad1e35bbbb,6
a3cfa97c-9ee9-48a2-b0ff-023ab95bf9f6,793d8c87-5653-483a-95ab-4b8e97f8a35b,9124a078-66c7-4231-ab1e-8c448ebc12b6,8
b1a7667c-ebea-4499-bbd3-c2624242a03e,793d8c87-5653-483a-95ab-4b8e97f8a35b,4abe3283-6b63-47cd-aff1-3661dfd1f65a,7
24de245f-3477-43ce-8fab-78b8a8cbdd8e,793d8c87-5653-483a-95ab-4b8e97f8a35b,388f79e2-15d7-445c-9632-01b770e4d9c2,7
6a615129-2ab7-497a-8a0d-8c1264977c8b,793d8c87-5653-483a-95ab-4b8e97f8a35b,1e06728f-fcc5-4457-b413-d65752469487,1
1a929604-3a28-4279-a912-75ddb663321d,793d8c87-5653-483a-95ab-4b8e97f8a35b,8b3423b3-0ab0-4296-85e0-4ebcd89620f3,7
9bf14bb1-170a-4ce1-bae4-8d725eb752e8,793d8c87-5653-483a-95ab-4b8e97f8a35b,50ee1837-6f04-40d7-a499-5d58ffa0747d,5
5460d13d-e2aa-42aa-bdae-3f553bb7f970,1f95ee40-8255-40d3-aa20-abd311effafb,388f79e2-15d7-445c-9632-01b770e4d9c2,3
2846ce65-4c66-4377-8fd6-e497120f619d,1f95ee40-8255-40d3-aa20-abd311effafb,170140ee-6a3c-4c5c-bbc3-17dcda3bec91,2
277d73b8-9f13-4b0b-b231-50db7fd8edd5,1f95ee40-8255-40d3-aa20-abd311effafb,526de5f2-7da4-499b-aa9f-442870595cd3,0
2a683b7d-f26f-4d27-915f-d15619cd646e,1f95ee40-8255-40d3-aa20-abd311effafb,03fafd2f-17f2-447d-9efb-b3562815b2c3,4
f362e12a-fbe3-4baa-ad61-49ea02885c9d,2d97ddae-92ab-4e58-a330-839180ad095d,e5256dcd-1308-43f5-a821-a4d50045b0c2,3
0ca2ef65-e72e-4751-8168-9ff31fb42315,2d97ddae-92ab-4e58-a330-839180ad095d,498bc0b5-c693-4063-a4ce-b5e23ce48f58,5
539768dc-26cd-414c-9c61-00658d191870,2d97ddae-92ab-4e58-a330-839180ad095d,afa91ff2-996d-447e-ba0c-fbeb26bba630,3
9f9611e8-c893-4ad1-bfcb-ead0918d1146,2d97ddae-92ab-4e58-a330-839180ad095d,7291c47f-48fb-4be3-80f6-413a4e3c5247,6
e39d6ba2-5d36-4475-8e7d-4ccfb8c3c9a2,2d97ddae-92ab-4e58-a330-839180ad095d,526de5f2-7da4-499b-aa9f-442870595cd3,3
bc468672-8a95-46dc-9e4a-370bc525e3e1,2d97ddae-92ab-4e58-a330-839180ad095d,1e06728f-fcc5-4457-b413-d65752469487,7
7decafcd-875d-42ff-9bd6-1230a9bf9389,2d97ddae-92ab-4e58-a330-839180ad095d,7aed13f7-492c-4acd-83ac-b89f153100dd,8
60886e00-52a9-426c-9ab2-e1ae67d9f9f3,90a9d186-482c-49a6-b239-b4f579eea7a3,8b3423b3-0ab0-4296-85e0-4ebcd89620f3,7
568395da-1735-424a-b6f8-49e83759196b,90a9d186-482c-49a6-b239-b4f579eea7a3,e8b1694b-d50c-4a9d-b4f0-0f382f387494,7
3f4388f5-7c19-40c7-a29c-b09d186eb7a4,90a9d186-482c-49a6-b239-b4f579eea7a3,9b533ac3-7a26-4904-a64c-127d029933a7,2
f3529917-659c-4e80-bc25-3d3e67ec3a93,90a9d186-482c-49a6-b239-b4f579eea7a3,76eb15f7-6e5e-4b15-9e6f-48434b1cab44,5
57ea685a-c2d8-49c5-9871-108c22754dcd,90a9d186-482c-49a6-b239-b4f579eea7a3,7291c47f-48fb-4be3-80f6-413a4e3c5247,2
eacc523a-6835-4d60-a4fc-fa03c40dca94,c0c477b5-07d8-4fb0-bfb1-f1966dbb12af,7291c47f-48fb-4be3-80f6-413a4e3c5247,8
ee7fda19-a2ea-4447-a021-534b5c112c29,c0c477b5-07d8-4fb0-bfb1-f1966dbb12af,9124a078-66c7-4231-ab1e-8c448ebc12b6,0
d2e5f18e-73e0-4008-8a6b-b70ac95f2d54,c0c477b5-07d8-4fb0-bfb1-f1966dbb12af,76eb15f7-6e5e-4b15-9e6f-48434b1cab44,8
d488d8fb-c4f4-4cc5-99b6-0e4f4b08328d,c0c477b5-07d8-4fb0-bfb1-f1966dbb12af,a713cc42-3153-42e6-b0e9-34baad5b3290,0
7869bb0f-86e7-47aa-b2d7-3b2f9590c8f3,ad0d042d-e3e3-448f-9720-4633ac6e9604,9b533ac3-7a26-4904-a64c-127d029933a7,0
19b55bba-557d-4384-894a-3d95aa4b88aa,ad0d042d-e3e3-448f-9720-4633ac6e9604,90086932-31ec-49a6-925d-b7da09c13911,6
81dade2a-a3dc-4b6a-940e-500d76aea222,ad0d042d-e3e3-448f-9720-4633ac6e9604,03fafd2f-17f2-447d-9efb-b3562815b2c3,2
fb2bbac4-8c3f-4f78-8fe9-aee9cebcbb77,42398576-01e9-42ff-8738-69490c7fad47,a85caf8d-49f9-440d-8147-9357ff25955c,3
b64ca031-9f49-43fb-9589-15498b6c5426,42398576-01e9-42ff-8738-69490c7fad47,5f2259e7-921d-47fb-9695-2798fe7ef3b1,8
338ed8e0-89fc-44f5-81d5-da3e6fb00098,42398576-01e9-42ff-8738-69490c7fad47,7aed13f7-492c-4acd-83ac-b89f153100dd,7
509d4594-500e-4c63-b48a-5d1fa409bda7,42398576-01e9-42ff-8738-69490c7fad47,38a6a2e9-a07c-42b6-82a7-2109191dc6a0,5
5d064d8c-0d96-4305-9081-c9635c66fffa,fce7cfe5-e278-4d7b-af7e-54aaa7e5f40a,26bab90e-dcaf-466f-9103-2b7b19a6b6cc,7
a0974956-2ea7-4e0e-8498-46d9f0644a70,fce7cfe5-e278-4d7b-af7e-54aaa7e5f40a,4abe3283-6b63-47cd-aff1-3661dfd1f65a,7
183439e3-5119-4bf5-8643-5c8990a68e5f,fce7cfe5-e278-4d7b-af7e-54aaa7e5f40a,90086932-31ec-49a6-925d-b7da09c13911,0
c622204c-6f69-4dbb-b196-44e82374103e,5f86de62-8dbf-409f-a992-49fa1cdf5e5c,9124a078-66c7-4231-ab1e-8c448ebc12b6,0
b61b83a4-7cff-4ec4-b707-164d44646cec,5f86de62-8dbf-409f-a992-49fa1cdf5e5c,526de5f2-7da4-499b-aa9f-442870595cd3,8
4ad72fb0-cb7c-4236-8c94-62535f57c027,5f86de62-8dbf-409f-a992-49fa1cdf5e5c,38a6a2e9-a07c-42b6-82a7-2109191dc6a0,4
920a1cb7-8d63-499d-a2ba-6152a9453097,7b2c402b-31a4-4520-9c27-ec7ad4b0d7a9,1e06728f-fcc5-4457-b413-d65752469487,2
f43c8ddd-9de7-455b-8bc3-1678afaf20c3,7b2c402b-31a4-4520-9c27-ec7ad4b0d7a9,38a6a2e9-a07c-42b6-82a7-2109191dc6a0,1
45f3c828-c208-4da9-815c-6d71fa34c6ef,7b2c402b-31a4-4520-9c27-ec7ad4b0d7a9,389e73be-e6db-4e7d-b55b-a826813ec765,1
534a42ed-c44e-41b7-b8a0-0fe6c907aa2e,7b2c402b-31a4-4520-9c27-ec7ad4b0d7a9,9b533ac3-7a26-4904-a64c-127d029933a7,8
d3138ed9-1015-4308-b188-28f5a923161e,7b2c402b-31a4-4520-9c27-ec7ad4b0d7a9,5f2259e7-921d-47fb-9695-2798fe7ef3b1,2
931b0730-05c4-489d-9dab-f7ed616e93d5,7b2c402b-31a4-4520-9c27-ec7ad4b0d7a9,90086932-31ec-49a6-925d-b7da09c13911,3
b1f48b85-2f14-4bc7-8674-92c4780d9cac,7b2c402b-31a4-4520-9c27-ec7ad4b0d7a9,526de5f2-7da4-499b-aa9f-442870595cd3,3
da70be54-67e6-4dfc-a431-4b08d7d94b10,65c670c6-2728-485b-877c-9769a8f95ce9,389e73be-e6db-4e7d-b55b-a826813ec765,5
72d16c50-c9b7-40ea-92f9-cfa4ad41b876,65c670c6-2728-485b-877c-9769a8f95ce9,8b3423b3-0ab0-4296-85e0-4ebcd89620f3,6
14b8db16-8a11-489d-a65f-b1e9a07d0eec,65c670c6-2728-485b-877c-9769a8f95ce9,9b533ac3-7a26-4904-a64c-127d029933a7,7
af63553b-a5c9-4d1c-a90f-591dae478406,65c670c6-2728-485b-877c-9769a8f95ce9,388f79e2-15d7-445c-9632-01b770e4d9c2,3
94649cec-da01-4504-9ef4-8e2107397c0e,65c670c6-2728-485b-877c-9769a8f95ce9,afa91ff2-996d-447e-ba0c-fbeb26bba630,3
2e721cdd-93e4-40a0-a92d-e9256657148c,65c670c6-2728-485b-877c-9769a8f95ce9,380426ac-5a54-44a3-b990-3347446f4435,4
d33c4ef3-27c4-4787-aa60-f0e4ea9272bb,65c670c6-2728-485b-877c-9769a8f95ce9,a85caf8d-49f9-440d-8147-9357ff25955c,1
953f6e02-1413-484c-b55d-3a893750a23a,b72a2958-4393-48e6-8797-ccd937d69d1e,a85caf8d-49f9-440d-8147-9357ff25955c,7
0800f335-7ae4-4efe-921c-abd9e772be4a,b72a2958-4393-48e6-8797-ccd937d69d1e,380426ac-5a54-44a3-b990-3347446f4435,0
dae71f6c-66f8-4fb6-b798-fa06acbe264f,b72a2958-4393-48e6-8797-ccd937d69d1e,9124a078-66c7-4231-ab1e-8c448ebc12b6,0
