user_id,email,password_hash,role,created_at,updated_at
fe2d46cb-e0b1-44bc-b076-29b0b8e7c211,johnsonjoshua@example.org,acf542a51d8b0121d44bd8e876d2dc9dc9233c3921780934d7b6c12c6b50e43b,jobseeker,2024-07-31 00:55:41,2026-05-17 15:32:10
607fcf49-7456-44c6-bb4e-1a3f1429739e,garzaanthony@example.org,8595c3241b3338d768cd51ca5938586f0beb203db69109d0485db3c748d43083,jobseeker,2025-05-21 07:38:16,2026-05-17 15:27:53
f1b5e9f8-50fc-4e60-b822-e1730940bf21,jennifermiles@example.com,0955d96be0310a3d603e84cca2e887b4116dc837b7e3c71c2607765a216a8f03,jobseeker,2025-07-21 14:42:23,2026-05-17 15:32:35
ca2f6f0c-4c16-4413-8ae1-807e88a21578,blakeerik@example.com,ebc9c628a8057b6c2fcf90708df5d8cb2d0d7b525ca54a010cdaf90527132269,jobseeker,2024-09-07 17:49:07,2026-05-17 15:33:28
b071b687-6c6d-4983-b0e0-292fd635db95,curtis61@example.com,96219489e0c9512ccab502f806ea7ba3628cbac5abef69ee00abae8a925bb305,jobseeker,2025-08-01 04:13:00,2026-05-17 15:32:34
c55bf5a4-c8ee-49e2-8083-32b06430027a,yherrera@example.org,aa5be5b724ef2c343d844d62bb4cb40617435537f196156ed200023ca8e4a24f,jobseeker,2026-01-13 00:41:01,2026-05-17 15:31:26
8f2529b1-bc32-46af-91a0-7324cd5d38f7,barbara10@example.net,4e132b417a4596b2edd634bb466f602660787cfd9bfa68884ba1e5da53632f94,jobseeker,2024-12-14 13:25:26,2026-05-17 15:28:12
4dff8b74-8f48-4ee5-a0d5-d025de6581df,michellejames@example.com,af7f3e6b8210c05ab74715645457679c14691c7b691cc5fd8f50ef5f51863cfe,jobseeker,2025-02-07 16:04:06,2026-05-17 15:29:57
470b8676-7bf6-4107-856d-3f6d6c0bdcf3,elizabethmiles@example.net,c98381af2a884f492044933d35c68bbe5d99308e6c9507792045b6492a4b4b0d,jobseeker,2025-08-05 02:58:25,2026-05-17 15:28:45
9c21c4b3-0839-4c0f-ab04-dc9ab3378b33,frankgray@example.net,08d55c48f6f9331afd49127356f6388fefa028481c987d1024e511059e5143b2,jobseeker,2024-10-24 14:12:29,2026-05-17 15:29:40
1112fa14-8b0d-4294-97e7-78b8faa275e7,perezantonio@example.com,10ec5a14455d0439147c431f997ad7a4c58d5d7be4e55e994d7d0cc3343c302a,jobseeker,2024-07-04 12:25:20,2026-05-17 15:33:12
9b93a8d5-8ff4-4b43-9181-12e40f69608d,jason76@example.net,abb346954e29a8141c8cb94eddfb8190b61b3051dfa0b4ec95d5e29d93e182d8,jobseeker,2024-11-26 15:46:03,2026-05-17 15:29:12
d84c9432-37c6-487d-bb86-26c28019af71,julie69@example.com,d7dab5e54f99a4788e47e6c7921417c6b8ab37d0f4b40772dfd80d8c30d2b12e,jobseeker,2026-05-15 16:34:45,2026-05-17 15:28:33
30f4deb0-fa2d-446b-9f07-e23145a00df2,ddavis@example.org,ac490cb8c6b4f3a25dee36e24553029663c190369fbaa8a23e77acd6c1e55417,jobseeker,2024-09-11 00:45:13,2026-05-17 15:31:48
7701e1e9-8626-4baf-a06d-746efdbf99cd,cruzcaitlin@example.com,2660672dc64a0ae0b3c3b49549ba01bb4ae3d9aebb690e87db0ef7957ef42526,jobseeker,2026-04-26 12:25:30,2026-05-17 15:32:53
52a7087b-14d4-43a4-8c99-ab52b7fbd8b9,frazierdanny@example.net,32c23b80181cdf52be16c3fbf2bc5bc3b713cb596449a76be09e5bfed67a14a7,jobseeker,2025-11-29 14:40:09,2026-05-17 15:29:46
686202f6-815e-4861-86c7-9223357dd495,ryan70@example.net,3ba35621a8b4afa459ab7703717f87ac6aeb485d2bf446f0edf6ff01a8189425,jobseeker,2024-11-25 13:37:34,2026-05-17 15:30:44
0758fcef-5943-423a-8a79-6e2d6ebb8fca,williamrodriguez@example.net,c11bd616399ef7de0e3747893d82ead461de93469f54cd1c6e4459cfe0e75f5d,jobseeker,2025-08-26 21:44:03,2026-05-17 15:31:23
bf4e210f-643a-4759-ab83-8af17b86f043,nathanielmartin@example.net,7c97a293bc354bcdfd735f7957d4228ffbf0575e5752ed8759365f4c30bb6f53,jobseeker,2025-07-28 16:23:28,2026-05-17 15:30:39
8d30e723-0cfb-4643-8129-a17371a64527,hickmannatasha@example.com,399d30176e2afc4addb2357767cce2f5266f2b9758539adaca7c8fe08bafc022,jobseeker,2024-11-09 02:51:47,2026-05-17 15:31:08
e55d2630-e29c-44bc-8b64-956bd7a1b971,millertodd@example.org,2eb28aab3b37da76916e5718305a00835a518306f46227f39c45dfc21dbf85fd,jobseeker,2025-06-10 07:08:16,2026-05-17 15:28:29
200962be-acdd-4774-989f-9693038dc1f9,karroyo@example.com,85c244e198fbb6efabeb7e70a08f2cc2178294a890941e36d49657deca674884,jobseeker,2025-08-03 06:29:41,2026-05-17 15:33:31
ec9e84b7-4380-475f-abe1-19dc237d8838,jenniferross@example.net,e9d0d52dbdf1f01c3a7107e5ab57b442c7a8942518b5bbcf58123ab88dd74492,jobseeker,2025-04-02 04:33:31,2026-05-17 15:30:50
e988c06d-c9af-462a-aad4-351afdcbd61e,wrightcaleb@example.org,884914792008f0fbdd29c986a4300ab4fdd6471066fd0f5d83767366108e9260,jobseeker,2024-11-01 06:16:48,2026-05-17 15:29:03
44d1d696-aa73-495f-b7c7-6cb925f14d86,zimmermanbrian@example.org,a0e4333c59fab2d04fb01f4b469ec541cb9a14cd0bd893a8af939dc1ff5f4f9b,jobseeker,2026-02-04 02:40:17,2026-05-17 15:28:09
8e1771ae-a663-4b41-b85a-4fbbaab08c09,joshuawashington@example.net,0fce1eecf97cd45f808ffce56ebe5bf74bb9bf97c31e52adc96d395b5a3af85e,jobseeker,2026-03-31 12:56:07,2026-05-17 15:31:09
06062749-71be-4084-be3c-291cbc099043,esanchez@example.com,8111b62d5150f0ec6dc6a65e87fa1f3e8edcb094d842ab4d6dbb0a06e5b152bc,jobseeker,2024-07-26 23:22:37,2026-05-17 15:30:19
7333a73e-5fbe-44b6-96eb-f697c336a3c4,ujenkins@example.org,e8afd9f6742d8cbd469f04cb79a1fdf3f3e96b4039d40c22657a37d745b4da5a,jobseeker,2026-05-06 01:51:21,2026-05-17 15:28:19
dda0e5f5-c4bf-4700-bf25-4b41a1fbd6da,zchandler@example.org,4df9b6266933c21e25141c62a83d54bc34c4aea60605d049b35b5fce0a94b9f2,jobseeker,2024-10-03 02:40:28,2026-05-17 15:30:25
7648902a-b27b-4c58-814a-a4d59824af50,dwhite@example.org,ba12e9fa5413ef744a095aeea934685cf8857667923a193581abb65b4628c023,jobseeker,2024-07-11 05:38:46,2026-05-17 15:32:34
d3f90615-2718-4e1d-831b-156e4ce6fa77,williamsyvette@example.org,c7851c0f1530640d469066362549c79ff9663512e68519975f1389a37198061e,jobseeker,2026-03-24 20:34:15,2026-05-17 15:32:49
b89513fb-9038-4fef-9413-3ac2c9770159,richardolson@example.com,9639f74c850972746c15921b637f534bcb7e6f6e1b2bc08448ca7dec90732948,jobseeker,2024-09-14 10:21:53,2026-05-17 15:27:44
33e2731e-d8db-49e0-a068-e466ae0381fc,ybaker@example.com,7b308ffa1ed446a0ed87fe1a06770e0a1c8231fca309d82603740e5e551c63a1,jobseeker,2025-10-08 00:16:49,2026-05-17 15:32:06
e8e1c68f-c4a9-495a-89ba-a67a4ab0c32e,smoore@example.org,e54dece40379a5be1596ee27755d8b97f6c654e3b580ada6a9fe814613cd3888,jobseeker,2025-07-14 05:53:42,2026-05-17 15:30:59
a2e936a7-7186-45c8-8868-f4d826eeb864,brian97@example.net,e5b1eed4baaafec4d6e2906d74d23502c362bab4d3b68415202332fa93303158,jobseeker,2025-06-09 03:26:15,2026-05-17 15:28:04
80e20a68-1053-46a0-b7cd-302fc90ad627,yorkcasey@example.org,bc169e35217bcf42da346cef2aa03a29986c369068561a595d46ad7b181b1725,jobseeker,2024-11-04 23:30:01,2026-05-17 15:28:27
e918ae65-c7bf-4494-a8d4-4c983a923cf4,bethwilliams@example.org,9d8b17792924fe7650dd9583ce2d0f34bb07c7ffeea1cb33efa4b7df92fbe884,jobseeker,2025-07-17 12:38:46,2026-05-17 15:30:52
d8b0e2bb-459d-48f1-b42f-31a6bbddf77e,james53@example.com,0afd14090d9ef25a1af54f274a2cb462e15f85a0553176bcb1df126ad60d6b2b,jobseeker,2025-09-19 19:43:32,2026-05-17 15:29:31
8b4db567-6b55-4919-a469-a526a882589a,sarah10@example.com,40f7cf6a343717465df750f0aeb6951fb916f17311a86de11f85f33ef65fe208,jobseeker,2025-07-02 10:07:13,2026-05-17 15:28:19
98146436-8ead-46c6-9ea5-772d2205afcf,williamanderson@example.com,dfe403291f9f13ecd2b257da00ffa5ad65a1c59bad01efb263db2a69cb9fa41a,jobseeker,2026-02-18 10:53:53,2026-05-17 15:29:57
25accb22-0a57-4ad6-b6dd-e759cfc1b551,samueldaniels@example.com,a555b4b24dbe50fd91d6762ae7fb6eb25ea5c09dd23b824e4dec5e65b87ea968,jobseeker,2026-05-08 07:38:22,2026-05-17 15:31:39
ccdfc525-a373-48a0-a44f-89caab65176a,contrerasangela@example.net,f73848f3cda0c66aa5625e00c56a00b7f1d4b46ffa6ecefb277a0e816ccfc385,jobseeker,2026-02-17 14:51:17,2026-05-17 15:29:19
ae78ff3d-f828-4ce3-aa58-7efc285cc5e7,newtoneric@example.com,2734b32faf7e12838d616da6bdfd3e51f13fb25595445988c62cdf12c9626084,jobseeker,2025-10-23 08:48:10,2026-05-17 15:28:57
05d82f52-c13d-4578-923e-9c84c141f52a,william40@example.org,5a5e574fbc468859f514c0b11e48984e3ed44aebdf9b6629dca4e18e6508a535,jobseeker,2026-01-12 23:41:30,2026-05-17 15:27:59
a473bdba-d0c5-4c98-bf2a-78fa4a8fc4c8,kellie42@example.net,8fd36b32d329a1dc03164b44931c70f90dc6d3183e5cedd244fae715b16dfea1,jobseeker,2025-10-14 15:23:40,2026-05-17 15:31:05
835d6d27-05e7-4e0e-9474-455337d95b16,jonesnicole@example.org,1d2befd06e8cdfcab58bad1e92ab198690b719f637ad0fa3bb3ceb974d7f308c,jobseeker,2026-01-16 19:40:40,2026-05-17 15:31:13
e76d848f-664e-478a-a6ae-a24c63e70cd7,russellwilliams@example.com,fe7dfccc272251a824667c46d23e64054ed69c04140fe56f6ad7096119b7cbc5,jobseeker,2025-12-19 17:11:48,2026-05-17 15:32:53
4fd5e63e-f43a-4015-a41c-fabe5d3649d9,jason31@example.com,6c2f18a3cfb25601a15b31778316886e15672e1bc32f1b970523a780a9190f48,jobseeker,2026-02-22 00:10:44,2026-05-17 15:30:10
793d8c87-5653-483a-95ab-4b8e97f8a35b,sarayoung@example.org,e84303888d739510bf26246c32123cbb12854ef01511d54360615518a1526720,jobseeker,2025-12-30 10:01:18,2026-05-17 15:33:01
1f95ee40-8255-40d3-aa20-abd311effafb,whitesandra@example.com,8de7a35dfb31987d5e08ed70a0e3bd37ad8d613d007ff363289ebdc27fa52532,jobseeker,2026-02-07 08:18:41,2026-05-17 15:32:35
2d97ddae-92ab-4e58-a330-839180ad095d,erik16@example.org,0b2ddd8201f24d0f4ea1027c377aa4dfcf4c92083c97eb88436fefdd5df40c5f,jobseeker,2024-10-26 15:37:16,2026-05-17 15:32:37
90a9d186-482c-49a6-b239-b4f579eea7a3,ybailey@example.org,0cc0fe967d2b14ec07bd702be58cdcbb99485c439f979085ca574bb3d52aad6e,jobseeker,2025-09-11 07:21:40,2026-05-17 15:30:07
c0c477b5-07d8-4fb0-bfb1-f1966dbb12af,michelle45@example.net,39f2874822232c486ee6180c7b514482ceddd4937214d01124a6be026be73a72,jobseeker,2025-09-25 12:57:35,2026-05-17 15:32:47
ad0d042d-e3e3-448f-9720-4633ac6e9604,sheila14@example.org,8a356973a80f1c81187e42a1fe8c09c0f79d4ab26b2234f9ac866257d98166e3,jobseeker,2026-05-05 15:04:49,2026-05-17 15:27:57
42398576-01e9-42ff-8738-69490c7fad47,yreed@example.com,37b0d8585eb657cb8a9aa6a1d64d6269fdb47879a35925b7f251795fd3e0dee0,jobseeker,2026-05-06 03:05:39,2026-05-17 15:28:25
fce7cfe5-e278-4d7b-af7e-54aaa7e5f40a,jonathanfletcher@example.org,d1318b78a0eb2dde5d36ba03b70b60403e1500940de97052635cd146139e0e7b,jobseeker,2025-12-27 07:19:22,2026-05-17 15:31:51
5f86de62-8dbf-409f-a992-49fa1cdf5e5c,michaeljones@example.net,248ada0424afd98c52724273b8f73a7a04a9ad472bea9bb70bbac5c481ca20f9,jobseeker,2025-08-15 08:50:29,2026-05-17 15:31:42
7b2c402b-31a4-4520-9c27-ec7ad4b0d7a9,cortezkevin@example.com,1686722cc2e59a1679c5be38ba0c4e744ee746d585a42868de920e34092cc58a,jobseeker,2025-01-10 10:29:30,2026-05-17 15:31:54
65c670c6-2728-485b-877c-9769a8f95ce9,jamesortega@example.com,f95c35f91be92b376ff4f49c9684d99b3e0fc8cd6a8026ffcd6e10270160243b,jobseeker,2026-03-07 15:30:19,2026-05-17 15:31:25
b72a2958-4393-48e6-8797-ccd937d69d1e,richard04@example.com,4bf6c629d181407ea1e331a53f146de63922a4a28a42fcfcfc473984f2dfe1bc,jobseeker,2025-12-12 03:30:36,2026-05-17 15:31:22
7d8e598c-4813-40ea-a971-d03c395fd14c,steven73@example.net,36332455688701f7ae84f8587440366dfdcbd5802dc58c2d676884b99b3972b2,recruiter,2026-03-06 11:01:18,2026-05-17 15:32:30
8675a86a-a9e5-4d4c-b833-6e7d57502ca0,donnacampbell@example.net,65a31258120287f1c42a7d3537c5429b753f439e7bd73d8c4b70e7fbec33af1d,recruiter,2025-01-17 00:22:05,2026-05-17 15:32:38
44d53017-34d5-4e39-9376-5cc020829d18,emilywalker@example.org,27278083e613a37cabede43fa160da1fd34bf0d501c06e80cceb67cbc26899a9,recruiter,2024-06-19 22:14:03,2026-05-17 15:33:38
9cc3d003-1517-4681-85a7-7278f5edf773,gibsonolivia@example.net,f62d5119c23a5cf337c6fbf31ac1870c582eac7e8ee4d111725014494525b61d,recruiter,2025-10-07 20:07:15,2026-05-17 15:30:41
08514437-28c5-4adc-9b2b-1fefb2daa52f,dylanwatts@example.org,758cd091cdce57ceebdb6bd6b8b88435f1e12d65d999a1e5d631cb78f75cfebd,recruiter,2024-10-24 00:38:17,2026-05-17 15:32:33
7baddfc6-73f2-46fc-af71-1d953aad7001,pwilliams@example.org,2c9dec0f5a696fd198bf421a3b46bb20ee59f5878f095d856a0b0f78f441e738,recruiter,2025-12-23 14:00:47,2026-05-17 15:31:44
5d690391-d816-43be-a80c-fdb2d11cb7cb,stephanie79@example.net,a4eab264bb6f897b12918776394d34d5db44da075e6d0aa2161d43a571a453bc,recruiter,2025-03-24 21:24:49,2026-05-17 15:33:10
d093a843-b2fe-4a2b-ba0b-d6b1b0f0deed,vmerritt@example.com,433d02697b19772a55b3e26988ed5942315fd72821f3bae249e9b726e6619cac,recruiter,2025-11-17 07:45:24,2026-05-17 15:32:46
ad4325bd-df4d-4d5e-a657-cd0eca0e12ce,katie87@example.net,ac305be8d73595a15f906036b5ecfe508266f5016586295909d6f73d62b76538,recruiter,2025-04-03 11:38:00,2026-05-17 15:32:00
edc16c09-5781-40d0-8a7c-329a9f451b7c,josephflores@example.net,652bd42aa22e8e1c4b243f6dff9eca7aaf93338a271660ee7718f975c50ae088,recruiter,2024-09-04 08:19:04,2026-05-17 15:30:01
082e636b-d900-4a79-af0b-059a0513e322,jasminebrown@example.com,c58f1d9805feb3bcc39979b46d8fe8a895f81d144a57de910133624f79868cde,recruiter,2025-04-22 12:21:24,2026-05-17 15:28:06
e02399cc-bf52-4329-a6d9-2cb34bb05255,xprice@example.net,0314f6f342f876e24d2a3a43c4ca2e5318b22a72ff9d3ad466fd97a55c7586ac,recruiter,2024-05-31 10:27:54,2026-05-17 15:33:01
614c2c73-106f-494d-9def-f117e5b7263e,wwoods@example.com,cad699403b3d00fd614a826a255090bc720e86f09963a018026fcdf7fde9f90e,recruiter,2026-01-30 14:11:48,2026-05-17 15:33:27
f58c1c67-74f5-4da0-9373-6ea420895e14,vmedina@example.net,de6642e34b8f0d7c224ff130ac7920d1179ea02126534f8f834e874f39292fa8,recruiter,2026-03-03 23:57:00,2026-05-17 15:30:39
6878eedf-e671-4b1a-890f-7df9a419bb81,ryan06@example.com,6e3586d9eaaf207f643d52f2ab4ff824cfdbc1451ddc4f75a55f69898b1b256e,recruiter,2025-12-21 04:36:37,2026-05-17 15:32:04
ef1f858b-e079-41cc-8b2b-a1726310e0ac,ncalhoun@example.net,4dd1af07197b8032b638a88d9bf480457c3d4146fcc2a9c639b38c4c4d32b649,recruiter,2025-02-28 23:46:36,2026-05-17 15:31:07
11c8a68c-0a2e-4e42-87af-70119043774d,millerroy@example.com,4a137294913a806177ebdd7b4d96b780fd652b7ef937c54efafc0e96ab3ec352,recruiter,2024-11-23 04:57:06,2026-05-17 15:29:41
78eb93d0-dcd1-4c51-80a1-6088fd695d8a,wmurphy@example.com,8b3714cc08e994d971a24c0f96e229ac06ba99a0a8f37ac5141c11b535c9bc81,recruiter,2026-04-12 00:00:04,2026-05-17 15:30:15
9aa559ca-05f1-49f4-b372-6770407d5abc,ruizkaitlyn@example.org,2d77699db37aca5deb2a33c6375bc0e31bed8dfb579134ac8ae98cc2cfd1f0a3,recruiter,2025-01-27 19:20:38,2026-05-17 15:31:38
aadcfdd3-e6d8-4559-a34f-124dd8b9a00e,websterstefanie@example.org,b46bcfb0eba0e7335a7fd7ddf1add00c581e83dee4791127d4c47265618bf713,recruiter,2025-08-14 00:56:18,2026-05-17 15:29:09
c57f74eb-3896-49d3-915c-befbaa80912e,kcaldwell@example.org,52292e50fcce9da50f1c3adaf9f2a917d69ce0ef8af1cc05e63378ce70a76c67,admin,2024-11-20 08:21:29,2026-05-17 15:29:56
343df1f9-158d-4308-b8a9-76af3e20c84a,stricklandfrank@example.com,5c5c2eee1a6c015bb2fecbde2615fd56edcf6ec560e7296e2311e6c335c47fe2,admin,2024-06-04 22:13:17,2026-05-17 15:29:36
813c1470-6464-43ca-a157-d9a9f4aa5b4f,tsanders@example.org,0419003752c954987e3a847724693f7bd30c645bb85c5770af31da9308f21624,admin,2025-10-03 15:29:36,2026-05-17 15:31:29
